,date,city,precipitation
0,2020-01-01,SEA,0.1625
1,2020-01-02,SEA,0.18125000000000002
2,2020-01-03,SEA,0.2675
3,2020-01-04,SEA,0.17200000000000001
4,2020-01-05,SEA,0.16857142857142857
5,2020-01-06,SEA,0.23333333333333336
6,2020-01-07,SEA,0.5111111111111111
7,2020-01-08,SEA,0.0425
8,2020-01-09,SEA,0.060000000000000005
9,2020-01-10,SEA,0.16777777777777778
10,2020-01-11,SEA,0.4311111111111111
11,2020-01-12,SEA,0.3457142857142857
12,2020-01-13,SEA,0.22666666666666666
13,2020-01-14,SEA,0.14833333333333332
14,2020-01-15,SEA,0.022857142857142857
15,2020-01-16,SEA,0.04857142857142858
16,2020-01-17,SEA,0.008571428571428572
17,2020-01-18,SEA,0.5
18,2020-01-19,SEA,0.045714285714285714
19,2020-01-20,SEA,0.049999999999999996
20,2020-01-21,SEA,0.2814285714285714
21,2020-01-22,SEA,0.66
22,2020-01-23,SEA,0.5025
23,2020-01-24,SEA,0.8462500000000001
24,2020-01-25,SEA,0.3114285714285714
25,2020-01-26,SEA,0.29857142857142854
26,2020-01-27,SEA,0.17625
27,2020-01-28,SEA,0.97
28,2020-01-29,SEA,0.14500000000000002
29,2020-01-30,SEA,0.25375
30,2020-01-31,SEA,0.30142857142857143
31,2020-02-01,SEA,1.337142857142857
32,2020-02-02,SEA,0.08571428571428572
33,2020-02-03,SEA,0.06125
34,2020-02-04,SEA,0.004285714285714286
35,2020-02-05,SEA,0.5755555555555555
36,2020-02-06,SEA,1.1122222222222222
37,2020-02-07,SEA,0.5122222222222222
38,2020-02-08,SEA,0.21333333333333335
39,2020-02-09,SEA,0.02142857142857143
40,2020-02-10,SEA,0.00125
41,2020-02-11,SEA,0.0014285714285714286
42,2020-02-12,SEA,0.06714285714285714
43,2020-02-13,SEA,0.005
44,2020-02-14,SEA,0.1322222222222222
45,2020-02-15,SEA,0.08142857142857143
46,2020-02-16,SEA,0.198
47,2020-02-17,SEA,0.018333333333333337
48,2020-02-18,SEA,0.0
49,2020-02-19,SEA,0.0
50,2020-02-20,SEA,0.004
51,2020-02-21,SEA,0.0
52,2020-02-22,SEA,0.014000000000000002
53,2020-02-23,SEA,0.20714285714285713
54,2020-02-24,SEA,0.04
55,2020-02-25,SEA,0.0016666666666666668
56,2020-02-26,SEA,0.017142857142857144
57,2020-02-27,SEA,0.002857142857142857
58,2020-02-28,SEA,0.015
59,2020-02-29,SEA,0.11166666666666668
60,2020-03-01,SEA,0.043333333333333335
61,2020-03-02,SEA,0.02
62,2020-03-03,SEA,0.14857142857142858
63,2020-03-04,SEA,0.03
64,2020-03-05,SEA,0.045000000000000005
65,2020-03-06,SEA,0.6683333333333333
66,2020-03-07,SEA,0.09333333333333334
67,2020-03-08,SEA,0.09999999999999999
68,2020-03-09,SEA,0.01
69,2020-03-10,SEA,0.0
70,2020-03-11,SEA,0.041666666666666664
71,2020-03-12,SEA,0.03333333333333333
72,2020-03-13,SEA,0.13142857142857142
73,2020-03-14,SEA,0.23428571428571426
74,2020-03-15,SEA,0.0
75,2020-03-16,SEA,0.0
76,2020-03-17,SEA,0.0
77,2020-03-18,SEA,0.0
78,2020-03-19,SEA,0.0
79,2020-03-20,SEA,0.0
80,2020-03-21,SEA,0.0
81,2020-03-22,SEA,0.0
82,2020-03-23,SEA,0.016666666666666666
83,2020-03-24,SEA,0.022857142857142857
84,2020-03-25,SEA,0.42
85,2020-03-26,SEA,0.06666666666666667
86,2020-03-27,SEA,0.02142857142857143
87,2020-03-28,SEA,0.06874999999999999
88,2020-03-29,SEA,0.62875
89,2020-03-30,SEA,0.37875000000000003
90,2020-03-31,SEA,0.2957142857142857
91,2020-04-01,SEA,0.12
92,2020-04-02,SEA,0.018571428571428572
93,2020-04-03,SEA,0.007500000000000001
94,2020-04-04,SEA,0.0475
95,2020-04-05,SEA,0.0033333333333333335
96,2020-04-06,SEA,0.0
97,2020-04-07,SEA,0.0
98,2020-04-08,SEA,0.0
99,2020-04-09,SEA,0.0
100,2020-04-10,SEA,0.0
101,2020-04-11,SEA,0.0011111111111111111
102,2020-04-12,SEA,0.0
103,2020-04-13,SEA,0.0
104,2020-04-14,SEA,0.0
105,2020-04-15,SEA,0.0
106,2020-04-16,SEA,0.0
107,2020-04-17,SEA,0.0
108,2020-04-18,SEA,0.06625
109,2020-04-19,SEA,0.1388888888888889
110,2020-04-20,SEA,0.0
111,2020-04-21,SEA,0.0
112,2020-04-22,SEA,0.10285714285714286
113,2020-04-23,SEA,0.6875
114,2020-04-24,SEA,0.1025
115,2020-04-25,SEA,0.16666666666666666
116,2020-04-26,SEA,0.21500000000000002
117,2020-04-27,SEA,0.20875
118,2020-04-28,SEA,0.01
119,2020-04-29,SEA,0.01
120,2020-04-30,SEA,0.025714285714285714
121,2020-05-01,SEA,0.00375
122,2020-05-02,SEA,0.08125
123,2020-05-03,SEA,0.225
124,2020-05-04,SEA,0.015714285714285715
125,2020-05-05,SEA,0.0
126,2020-05-06,SEA,0.02
127,2020-05-07,SEA,0.02
128,2020-05-08,SEA,0.0
129,2020-05-09,SEA,0.0
130,2020-05-10,SEA,0.0
131,2020-05-11,SEA,0.0016666666666666668
132,2020-05-12,SEA,0.08428571428571428
133,2020-05-13,SEA,0.025714285714285714
134,2020-05-14,SEA,0.049999999999999996
135,2020-05-15,SEA,0.074
136,2020-05-16,SEA,0.138
137,2020-05-17,SEA,0.5314285714285715
138,2020-05-18,SEA,0.01
139,2020-05-19,SEA,0.0
140,2020-05-20,SEA,0.0
141,2020-05-21,SEA,0.36999999999999994
142,2020-05-22,SEA,0.12333333333333334
143,2020-05-23,SEA,0.21200000000000002
144,2020-05-24,SEA,0.0
145,2020-05-25,SEA,0.06666666666666667
146,2020-05-26,SEA,0.09833333333333334
147,2020-05-27,SEA,0.022
148,2020-05-28,SEA,0.0
149,2020-05-29,SEA,0.0
150,2020-05-30,SEA,0.0
151,2020-05-31,SEA,1.0542857142857143
152,2020-06-01,SEA,0.06142857142857144
153,2020-06-02,SEA,0.0
154,2020-06-03,SEA,0.01
155,2020-06-04,SEA,0.0
156,2020-06-05,SEA,0.0
157,2020-06-06,SEA,0.0
158,2020-06-07,SEA,0.1366666666666667
159,2020-06-08,SEA,0.043333333333333335
160,2020-06-09,SEA,0.16
161,2020-06-10,SEA,0.14166666666666666
162,2020-06-11,SEA,0.04
163,2020-06-12,SEA,0.1416666666666667
164,2020-06-13,SEA,0.20333333333333334
165,2020-06-14,SEA,0.17166666666666666
166,2020-06-15,SEA,0.096
167,2020-06-16,SEA,0.09
168,2020-06-17,SEA,0.0016666666666666668
169,2020-06-18,SEA,0.0
170,2020-06-19,SEA,0.0
171,2020-06-20,SEA,0.016
172,2020-06-21,SEA,0.05
173,2020-06-22,SEA,0.0
174,2020-06-23,SEA,0.0
175,2020-06-24,SEA,0.0
176,2020-06-25,SEA,0.0
177,2020-06-26,SEA,0.0
178,2020-06-27,SEA,0.11400000000000002
179,2020-06-28,SEA,0.625
180,2020-06-29,SEA,0.008
181,2020-06-30,SEA,0.055
182,2020-07-01,SEA,0.05
183,2020-07-02,SEA,0.008
184,2020-07-03,SEA,0.005
185,2020-07-04,SEA,0.0016666666666666668
186,2020-07-05,SEA,0.0
187,2020-07-06,SEA,0.0
188,2020-07-07,SEA,0.0
189,2020-07-08,SEA,0.0033333333333333335
190,2020-07-09,SEA,0.013333333333333334
191,2020-07-10,SEA,0.012
192,2020-07-11,SEA,0.002
193,2020-07-12,SEA,0.045714285714285714
194,2020-07-13,SEA,0.032
195,2020-07-14,SEA,0.0
196,2020-07-15,SEA,0.0
197,2020-07-16,SEA,0.0
198,2020-07-17,SEA,0.078
199,2020-07-18,SEA,0.012
200,2020-07-19,SEA,0.0
201,2020-07-20,SEA,0.0
202,2020-07-21,SEA,0.0
203,2020-07-22,SEA,0.0175
204,2020-07-23,SEA,0.004
205,2020-07-24,SEA,0.006
206,2020-07-25,SEA,0.0
207,2020-07-26,SEA,0.0
208,2020-07-27,SEA,0.0
209,2020-07-28,SEA,0.0
210,2020-07-29,SEA,0.0
211,2020-07-30,SEA,0.0
212,2020-07-31,SEA,0.0
213,2020-08-01,SEA,0.0
214,2020-08-02,SEA,0.0
215,2020-08-03,SEA,0.0
216,2020-08-04,SEA,0.0
217,2020-08-05,SEA,0.0
218,2020-08-06,SEA,0.028571428571428574
219,2020-08-07,SEA,0.13333333333333333
220,2020-08-08,SEA,0.021666666666666667
221,2020-08-09,SEA,0.016666666666666666
222,2020-08-10,SEA,0.0
223,2020-08-11,SEA,0.0
224,2020-08-12,SEA,0.0
225,2020-08-13,SEA,0.0
226,2020-08-14,SEA,0.0
227,2020-08-15,SEA,0.0
228,2020-08-16,SEA,0.0
229,2020-08-17,SEA,0.0
230,2020-08-18,SEA,0.0
231,2020-08-19,SEA,0.0
232,2020-08-20,SEA,0.04142857142857143
233,2020-08-21,SEA,0.0842857142857143
234,2020-08-22,SEA,0.045714285714285714
235,2020-08-23,SEA,0.0
236,2020-08-24,SEA,0.0
237,2020-08-25,SEA,0.0
238,2020-08-26,SEA,0.0
239,2020-08-27,SEA,0.0
240,2020-08-28,SEA,0.0
241,2020-08-29,SEA,0.0
242,2020-08-30,SEA,0.0
243,2020-08-31,SEA,0.025714285714285714
244,2020-09-01,SEA,0.0
245,2020-09-02,SEA,0.0
246,2020-09-03,SEA,0.0
247,2020-09-04,SEA,0.0
248,2020-09-05,SEA,0.0
249,2020-09-06,SEA,0.0
250,2020-09-07,SEA,0.0
251,2020-09-08,SEA,0.0
252,2020-09-09,SEA,0.0
253,2020-09-10,SEA,0.0
254,2020-09-11,SEA,0.0
255,2020-09-12,SEA,0.0
256,2020-09-13,SEA,0.0
257,2020-09-14,SEA,0.01
258,2020-09-15,SEA,0.08142857142857143
259,2020-09-16,SEA,0.014285714285714287
260,2020-09-17,SEA,0.0
261,2020-09-18,SEA,0.041428571428571426
262,2020-09-19,SEA,0.325
263,2020-09-20,SEA,0.24714285714285716
264,2020-09-21,SEA,0.028333333333333335
265,2020-09-22,SEA,0.041666666666666664
266,2020-09-23,SEA,0.34
267,2020-09-24,SEA,0.778
268,2020-09-25,SEA,0.6699999999999999
269,2020-09-26,SEA,0.405
270,2020-09-27,SEA,0.045
271,2020-09-28,SEA,0.002
272,2020-09-29,SEA,0.0
273,2020-09-30,SEA,0.0
274,2020-10-01,SEA,0.0
275,2020-10-02,SEA,0.0
276,2020-10-03,SEA,0.002
277,2020-10-04,SEA,0.030000000000000002
278,2020-10-05,SEA,0.014000000000000002
279,2020-10-06,SEA,0.0
280,2020-10-07,SEA,0.0
281,2020-10-08,SEA,0.01
282,2020-10-09,SEA,0.10400000000000001
283,2020-10-10,SEA,0.9339999999999999
284,2020-10-11,SEA,0.10857142857142857
285,2020-10-12,SEA,0.44999999999999996
286,2020-10-13,SEA,0.5633333333333334
287,2020-10-14,SEA,0.03333333333333333
288,2020-10-15,SEA,0.0
289,2020-10-16,SEA,0.011666666666666667
290,2020-10-17,SEA,0.17285714285714285
291,2020-10-18,SEA,0.023333333333333334
292,2020-10-19,SEA,0.060000000000000005
293,2020-10-20,SEA,0.17833333333333334
294,2020-10-21,SEA,0.06857142857142857
295,2020-10-22,SEA,0.22199999999999998
296,2020-10-23,SEA,0.03666666666666667
297,2020-10-24,SEA,0.10142857142857142
298,2020-10-25,SEA,0.006
299,2020-10-26,SEA,0.0033333333333333335
300,2020-10-27,SEA,0.0
301,2020-10-28,SEA,0.0
302,2020-10-29,SEA,0.02
303,2020-10-30,SEA,0.022857142857142857
304,2020-10-31,SEA,0.0
305,2020-11-01,SEA,0.0
306,2020-11-02,SEA,0.0
307,2020-11-03,SEA,0.1985714285714286
308,2020-11-04,SEA,0.6857142857142857
309,2020-11-05,SEA,0.1942857142857143
310,2020-11-06,SEA,0.098
311,2020-11-07,SEA,0.005
312,2020-11-08,SEA,0.008
313,2020-11-09,SEA,0.012
314,2020-11-10,SEA,0.09833333333333333
315,2020-11-11,SEA,0.02
316,2020-11-12,SEA,0.004
317,2020-11-13,SEA,0.88
318,2020-11-14,SEA,0.01
319,2020-11-15,SEA,0.475
320,2020-11-16,SEA,0.04
321,2020-11-17,SEA,0.694
322,2020-11-18,SEA,0.71
323,2020-11-19,SEA,0.29
324,2020-11-20,SEA,0.05
325,2020-11-21,SEA,0.024
326,2020-11-22,SEA,0.026000000000000002
327,2020-11-23,SEA,0.19499999999999998
328,2020-11-24,SEA,0.06333333333333334
329,2020-11-25,SEA,0.21600000000000003
330,2020-11-26,SEA,0.032
331,2020-11-27,SEA,0.042499999999999996
332,2020-11-28,SEA,0.046
333,2020-11-29,SEA,0.072
334,2020-11-30,SEA,0.438
335,2020-12-01,SEA,0.005
336,2020-12-02,SEA,0.0025
337,2020-12-03,SEA,0.0
338,2020-12-04,SEA,0.0
339,2020-12-05,SEA,0.0
340,2020-12-06,SEA,0.022
341,2020-12-07,SEA,0.002
342,2020-12-08,SEA,0.192
343,2020-12-09,SEA,0.47800000000000004
344,2020-12-10,SEA,0.02
345,2020-12-11,SEA,0.02
346,2020-12-12,SEA,0.0
347,2020-12-13,SEA,0.09
348,2020-12-14,SEA,0.16999999999999998
349,2020-12-15,SEA,0.2675
350,2020-12-16,SEA,0.076
351,2020-12-17,SEA,0.4416666666666667
352,2020-12-18,SEA,0.16799999999999998
353,2020-12-19,SEA,0.28833333333333333
354,2020-12-20,SEA,0.305
355,2020-12-21,SEA,0.6942857142857143
356,2020-12-22,SEA,1.635
357,2020-12-23,SEA,0.0033333333333333335
358,2020-12-24,SEA,0.0
359,2020-12-25,SEA,0.075
360,2020-12-26,SEA,0.43
361,2020-12-27,SEA,0.096
362,2020-12-28,SEA,0.096
363,2020-12-29,SEA,0.055
364,2020-12-30,SEA,0.6028571428571429
365,2020-12-31,SEA,0.43166666666666664
366,2021-01-01,SEA,0.17
367,2021-01-02,SEA,0.585
368,2021-01-03,SEA,1.4383333333333335
369,2021-01-04,SEA,0.5950000000000001
370,2021-01-05,SEA,0.3385714285714286
371,2021-01-06,SEA,0.9183333333333333
372,2021-01-07,SEA,0.005
373,2021-01-08,SEA,0.10428571428571429
374,2021-01-09,SEA,0.15571428571428572
375,2021-01-10,SEA,0.08833333333333333
376,2021-01-11,SEA,0.18499999999999997
377,2021-01-12,SEA,1.8399999999999999
378,2021-01-13,SEA,0.9199999999999999
379,2021-01-14,SEA,0.013333333333333334
380,2021-01-15,SEA,0.186
381,2021-01-16,SEA,0.0125
382,2021-01-17,SEA,0.036
383,2021-01-18,SEA,0.0
384,2021-01-19,SEA,0.0
385,2021-01-20,SEA,0.0
386,2021-01-21,SEA,0.03666666666666667
387,2021-01-22,SEA,0.012
388,2021-01-23,SEA,0.0
389,2021-01-24,SEA,0.11666666666666665
390,2021-01-25,SEA,0.154
391,2021-01-26,SEA,0.01
392,2021-01-27,SEA,0.098
393,2021-01-28,SEA,0.19333333333333333
394,2021-01-29,SEA,0.1366666666666667
395,2021-01-30,SEA,0.135
396,2021-01-31,SEA,0.21
397,2021-02-01,SEA,0.5825
398,2021-02-02,SEA,0.728
399,2021-02-03,SEA,0.356
400,2021-02-04,SEA,0.01
401,2021-02-05,SEA,0.13199999999999998
402,2021-02-06,SEA,0.026000000000000002
403,2021-02-07,SEA,0.0275
404,2021-02-08,SEA,0.124
405,2021-02-09,SEA,0.018
406,2021-02-10,SEA,0.0
407,2021-02-11,SEA,0.0
408,2021-02-12,SEA,0.076
409,2021-02-13,SEA,0.586
410,2021-02-14,SEA,0.33399999999999996
411,2021-02-15,SEA,0.45599999999999996
412,2021-02-16,SEA,0.10400000000000001
413,2021-02-17,SEA,0.044
414,2021-02-18,SEA,0.05
415,2021-02-19,SEA,0.1
416,2021-02-20,SEA,0.03333333333333333
417,2021-02-21,SEA,0.12
418,2021-02-22,SEA,0.23249999999999998
419,2021-02-23,SEA,0.21
420,2021-02-24,SEA,0.13
421,2021-02-25,SEA,0.172
422,2021-02-26,SEA,0.082
423,2021-02-27,SEA,0.08600000000000001
424,2021-02-28,SEA,0.024
425,2021-03-01,SEA,0.0
426,2021-03-02,SEA,0.002
427,2021-03-03,SEA,0.013333333333333334
428,2021-03-04,SEA,0.09999999999999999
429,2021-03-05,SEA,0.348
430,2021-03-06,SEA,0.0575
431,2021-03-07,SEA,0.13
432,2021-03-08,SEA,0.145
433,2021-03-09,SEA,0.0033333333333333335
434,2021-03-10,SEA,0.006
435,2021-03-11,SEA,0.0
436,2021-03-12,SEA,0.0
437,2021-03-13,SEA,0.0
438,2021-03-14,SEA,0.0725
439,2021-03-15,SEA,0.292
440,2021-03-16,SEA,0.0025
441,2021-03-17,SEA,0.0
442,2021-03-18,SEA,0.035
443,2021-03-19,SEA,0.2
444,2021-03-20,SEA,0.21
445,2021-03-21,SEA,0.2
446,2021-03-22,SEA,0.20800000000000002
447,2021-03-23,SEA,0.10400000000000001
448,2021-03-24,SEA,0.01
449,2021-03-25,SEA,0.6125
450,2021-03-26,SEA,0.016666666666666666
451,2021-03-27,SEA,0.0
452,2021-03-28,SEA,0.0
453,2021-03-29,SEA,0.29400000000000004
454,2021-03-30,SEA,0.005
455,2021-03-31,SEA,0.0
456,2021-04-01,SEA,0.0
457,2021-04-02,SEA,0.0
458,2021-04-03,SEA,0.0
459,2021-04-04,SEA,0.052500000000000005
460,2021-04-05,SEA,0.007500000000000001
461,2021-04-06,SEA,0.0
462,2021-04-07,SEA,0.0
463,2021-04-08,SEA,0.146
464,2021-04-09,SEA,0.0025
465,2021-04-10,SEA,0.034
466,2021-04-11,SEA,0.0
467,2021-04-12,SEA,0.0
468,2021-04-13,SEA,0.0
469,2021-04-14,SEA,0.0
470,2021-04-15,SEA,0.0
471,2021-04-16,SEA,0.0
472,2021-04-17,SEA,0.0
473,2021-04-18,SEA,0.0
474,2021-04-19,SEA,0.0
475,2021-04-20,SEA,0.0
476,2021-04-21,SEA,0.0
477,2021-04-22,SEA,0.0
478,2021-04-23,SEA,0.0
479,2021-04-24,SEA,0.22666666666666668
480,2021-04-25,SEA,0.35000000000000003
481,2021-04-26,SEA,0.0475
482,2021-04-27,SEA,0.0033333333333333335
483,2021-04-28,SEA,0.0
484,2021-04-29,SEA,0.0
485,2021-04-30,SEA,0.06999999999999999
486,2021-05-01,SEA,0.023333333333333334
487,2021-05-02,SEA,0.02
488,2021-05-03,SEA,0.0
489,2021-05-04,SEA,0.24
490,2021-05-05,SEA,0.0025
491,2021-05-06,SEA,0.0
492,2021-05-07,SEA,0.004
493,2021-05-08,SEA,0.182
494,2021-05-09,SEA,0.028000000000000004
495,2021-05-10,SEA,0.0
496,2021-05-11,SEA,0.0
497,2021-05-12,SEA,0.0
498,2021-05-13,SEA,0.0
499,2021-05-14,SEA,0.0
500,2021-05-15,SEA,0.0
501,2021-05-16,SEA,0.0
502,2021-05-17,SEA,0.014000000000000002
503,2021-05-18,SEA,0.07500000000000001
504,2021-05-19,SEA,0.22199999999999998
505,2021-05-20,SEA,0.005
506,2021-05-21,SEA,0.0
507,2021-05-22,SEA,0.0
508,2021-05-23,SEA,0.0
509,2021-05-24,SEA,0.066
510,2021-05-25,SEA,0.026000000000000002
511,2021-05-26,SEA,0.005
512,2021-05-27,SEA,0.22800000000000004
513,2021-05-28,SEA,0.11800000000000002
514,2021-05-29,SEA,0.0
515,2021-05-30,SEA,0.0
516,2021-05-31,SEA,0.0
517,2021-06-01,SEA,0.0
518,2021-06-02,SEA,0.0
519,2021-06-03,SEA,0.0
520,2021-06-04,SEA,0.0
521,2021-06-05,SEA,0.030000000000000006
522,2021-06-06,SEA,0.0
523,2021-06-07,SEA,0.588
524,2021-06-08,SEA,0.004
525,2021-06-09,SEA,0.0033333333333333335
526,2021-06-10,SEA,0.0
527,2021-06-11,SEA,0.115
528,2021-06-12,SEA,0.40249999999999997
529,2021-06-13,SEA,0.42333333333333334
530,2021-06-14,SEA,0.462
531,2021-06-15,SEA,0.06000000000000001
532,2021-06-16,SEA,0.0
533,2021-06-17,SEA,0.0
534,2021-06-18,SEA,0.0
535,2021-06-19,SEA,0.0
536,2021-06-20,SEA,0.0
537,2021-06-21,SEA,0.0
538,2021-06-22,SEA,0.0
539,2021-06-23,SEA,0.0
540,2021-06-24,SEA,0.0
541,2021-06-25,SEA,0.0
542,2021-06-26,SEA,0.0
543,2021-06-27,SEA,0.0
544,2021-06-28,SEA,0.0
545,2021-06-29,SEA,0.0
546,2021-06-30,SEA,0.0
547,2021-07-01,SEA,0.0
548,2021-07-02,SEA,0.0
549,2021-07-03,SEA,0.0
550,2021-07-04,SEA,0.0
551,2021-07-05,SEA,0.0
552,2021-07-06,SEA,0.0
553,2021-07-07,SEA,0.0
554,2021-07-08,SEA,0.0
555,2021-07-09,SEA,0.2
556,2021-07-10,SEA,0.0
557,2021-07-11,SEA,0.0
558,2021-07-12,SEA,0.0
559,2021-07-13,SEA,0.0
560,2021-07-14,SEA,0.0
561,2021-07-15,SEA,0.0
562,2021-07-16,SEA,0.0
563,2021-07-17,SEA,0.0
564,2021-07-18,SEA,0.0
565,2021-07-19,SEA,0.0
566,2021-07-20,SEA,0.022500000000000003
567,2021-07-21,SEA,0.023333333333333334
568,2021-07-22,SEA,0.0
569,2021-07-23,SEA,0.0
570,2021-07-24,SEA,0.0
571,2021-07-25,SEA,0.0
572,2021-07-26,SEA,0.0
573,2021-07-27,SEA,0.0
574,2021-07-28,SEA,0.0
575,2021-07-29,SEA,0.0
576,2021-07-30,SEA,0.0
577,2021-07-31,SEA,0.0
578,2021-08-01,SEA,0.0
579,2021-08-02,SEA,0.0
580,2021-08-03,SEA,0.0
581,2021-08-04,SEA,0.0125
582,2021-08-05,SEA,0.0
583,2021-08-06,SEA,0.05
584,2021-08-07,SEA,0.0225
585,2021-08-08,SEA,0.0925
586,2021-08-09,SEA,0.0025
587,2021-08-10,SEA,0.0
588,2021-08-11,SEA,0.0
589,2021-08-12,SEA,0.0
590,2021-08-13,SEA,0.0
591,2021-08-14,SEA,0.0
592,2021-08-15,SEA,0.0
593,2021-08-16,SEA,0.0
594,2021-08-17,SEA,0.0
595,2021-08-18,SEA,0.0
596,2021-08-19,SEA,0.0
597,2021-08-20,SEA,0.0
598,2021-08-21,SEA,0.0
599,2021-08-22,SEA,0.0
600,2021-08-23,SEA,0.0
601,2021-08-24,SEA,0.0
602,2021-08-25,SEA,0.0
603,2021-08-26,SEA,0.0
604,2021-08-27,SEA,0.05
605,2021-08-28,SEA,0.0175
606,2021-08-29,SEA,0.0
607,2021-08-30,SEA,0.0
608,2021-08-31,SEA,0.005
609,2021-09-01,SEA,0.0
610,2021-09-02,SEA,0.0
611,2021-09-03,SEA,0.0
612,2021-09-04,SEA,0.0
613,2021-09-05,SEA,0.0
614,2021-09-06,SEA,0.006666666666666667
615,2021-09-07,SEA,0.0
616,2021-09-08,SEA,0.0025
617,2021-09-09,SEA,0.0
618,2021-09-10,SEA,0.0
619,2021-09-11,SEA,0.01
620,2021-09-12,SEA,0.023333333333333334
621,2021-09-13,SEA,0.02666666666666667
622,2021-09-14,SEA,0.0
623,2021-09-15,SEA,0.034
624,2021-09-16,SEA,0.0
625,2021-09-17,SEA,0.12166666666666666
626,2021-09-18,SEA,0.808
627,2021-09-19,SEA,0.4666666666666666
628,2021-09-20,SEA,0.14666666666666667
629,2021-09-21,SEA,0.0
630,2021-09-22,SEA,0.01
631,2021-09-23,SEA,0.0
632,2021-09-24,SEA,0.0
633,2021-09-25,SEA,0.0
634,2021-09-26,SEA,0.12
635,2021-09-27,SEA,0.716
636,2021-09-28,SEA,0.362
637,2021-09-29,SEA,0.033999999999999996
638,2021-09-30,SEA,0.27199999999999996
639,2021-10-01,SEA,0.20500000000000002
640,2021-10-02,SEA,0.0
641,2021-10-03,SEA,0.014000000000000002
642,2021-10-04,SEA,0.013333333333333334
643,2021-10-05,SEA,0.154
644,2021-10-06,SEA,0.14166666666666666
645,2021-10-07,SEA,0.006
646,2021-10-08,SEA,0.0
647,2021-10-09,SEA,0.01
648,2021-10-10,SEA,0.248
649,2021-10-11,SEA,0.18833333333333332
650,2021-10-12,SEA,0.036
651,2021-10-13,SEA,0.043333333333333335
652,2021-10-14,SEA,0.046
653,2021-10-15,SEA,0.024
654,2021-10-16,SEA,0.012
655,2021-10-17,SEA,0.002
656,2021-10-18,SEA,0.0225
657,2021-10-19,SEA,0.0
658,2021-10-20,SEA,0.188
659,2021-10-21,SEA,0.1416666666666667
660,2021-10-22,SEA,0.5583333333333333
661,2021-10-23,SEA,0.03
662,2021-10-24,SEA,0.14
663,2021-10-25,SEA,0.298
664,2021-10-26,SEA,0.19166666666666665
665,2021-10-27,SEA,0.155
666,2021-10-28,SEA,0.725
667,2021-10-29,SEA,1.6533333333333333
668,2021-10-30,SEA,0.051666666666666666
669,2021-10-31,SEA,0.0
670,2021-11-01,SEA,0.028000000000000004
671,2021-11-02,SEA,0.135
672,2021-11-03,SEA,0.178
673,2021-11-04,SEA,0.6566666666666666
674,2021-11-05,SEA,0.4566666666666666
675,2021-11-06,SEA,0.09833333333333333
676,2021-11-07,SEA,0.67
677,2021-11-08,SEA,0.21833333333333335
678,2021-11-09,SEA,0.355
679,2021-11-10,SEA,0.278
680,2021-11-11,SEA,0.372
681,2021-11-12,SEA,0.9940000000000001
682,2021-11-13,SEA,0.49400000000000005
683,2021-11-14,SEA,0.65
684,2021-11-15,SEA,0.534
685,2021-11-16,SEA,0.27
686,2021-11-17,SEA,0.005
687,2021-11-18,SEA,0.11249999999999999
688,2021-11-19,SEA,0.48599999999999993
689,2021-11-20,SEA,0.07666666666666667
690,2021-11-21,SEA,0.0
691,2021-11-22,SEA,0.02
692,2021-11-23,SEA,0.58
693,2021-11-24,SEA,0.018
694,2021-11-25,SEA,0.31999999999999995
695,2021-11-26,SEA,0.372
696,2021-11-27,SEA,0.08
697,2021-11-28,SEA,0.4125
698,2021-11-29,SEA,0.154
699,2021-11-30,SEA,0.025
700,2021-12-01,SEA,0.027999999999999997
701,2021-12-02,SEA,0.092
702,2021-12-03,SEA,0.124
703,2021-12-04,SEA,0.14333333333333334
704,2021-12-05,SEA,0.2325
705,2021-12-06,SEA,0.023333333333333334
706,2021-12-07,SEA,0.11750000000000001
707,2021-12-08,SEA,0.045
708,2021-12-09,SEA,0.08399999999999999
709,2021-12-10,SEA,0.01
710,2021-12-11,SEA,0.75
711,2021-12-12,SEA,0.13999999999999999
712,2021-12-13,SEA,0.298
713,2021-12-14,SEA,0.0775
714,2021-12-15,SEA,0.124
715,2021-12-16,SEA,0.12
716,2021-12-17,SEA,0.074
717,2021-12-18,SEA,0.5275000000000001
718,2021-12-19,SEA,0.314
719,2021-12-20,SEA,0.068
720,2021-12-21,SEA,0.06999999999999999
721,2021-12-22,SEA,0.39
722,2021-12-23,SEA,0.5700000000000001
723,2021-12-24,SEA,0.192
724,2021-12-25,SEA,0.354
725,2021-12-26,SEA,0.3
726,2021-12-27,SEA,0.122
727,2021-12-28,SEA,0.0375
728,2021-12-29,SEA,0.0
729,2021-12-30,SEA,0.16749999999999998
730,2021-12-31,SEA,0.006
731,2022-01-01,SEA,0.0
732,2022-01-02,SEA,0.16
733,2022-01-03,SEA,1.7719999999999998
734,2022-01-04,SEA,0.304
735,2022-01-05,SEA,0.14
736,2022-01-06,SEA,1.004
737,2022-01-07,SEA,1.422
738,2022-01-08,SEA,0.31999999999999995
739,2022-01-09,SEA,0.0
740,2022-01-10,SEA,0.136
741,2022-01-11,SEA,0.8960000000000001
742,2022-01-12,SEA,0.52
743,2022-01-13,SEA,0.28
744,2022-01-14,SEA,0.02
745,2022-01-15,SEA,0.008
746,2022-01-16,SEA,0.0033333333333333335
747,2022-01-17,SEA,0.0075
748,2022-01-18,SEA,0.0225
749,2022-01-19,SEA,0.044
750,2022-01-20,SEA,0.09833333333333333
751,2022-01-21,SEA,0.14250000000000002
752,2022-01-22,SEA,0.004
753,2022-01-23,SEA,0.0
754,2022-01-24,SEA,0.0
755,2022-01-25,SEA,0.0
756,2022-01-26,SEA,0.0
757,2022-01-27,SEA,0.0
758,2022-01-28,SEA,0.0
759,2022-01-29,SEA,0.0
760,2022-01-30,SEA,0.06000000000000001
761,2022-01-31,SEA,0.23399999999999999
762,2022-02-01,SEA,0.01
763,2022-02-02,SEA,0.04
764,2022-02-03,SEA,0.08666666666666667
765,2022-02-04,SEA,0.035
766,2022-02-05,SEA,0.018
767,2022-02-06,SEA,0.0025
768,2022-02-07,SEA,0.0
769,2022-02-08,SEA,0.0075
770,2022-02-09,SEA,0.008333333333333333
771,2022-02-10,SEA,0.021666666666666667
772,2022-02-11,SEA,0.0175
773,2022-02-12,SEA,0.0
774,2022-02-13,SEA,0.0
775,2022-02-14,SEA,0.05857142857142857
776,2022-02-15,SEA,0.06999999999999999
777,2022-02-16,SEA,0.006666666666666667
778,2022-02-17,SEA,0.0
779,2022-02-18,SEA,0.0
780,2022-02-19,SEA,0.012857142857142857
781,2022-02-20,SEA,0.12142857142857144
782,2022-02-21,SEA,0.19142857142857145
783,2022-02-22,SEA,0.03142857142857143
784,2022-02-23,SEA,0.0
785,2022-02-24,SEA,0.005714285714285714
786,2022-02-25,SEA,0.0
787,2022-02-26,SEA,0.072
788,2022-02-27,SEA,0.6714285714285715
789,2022-02-28,SEA,1.937142857142857
790,2022-03-01,SEA,0.7771428571428572
791,2022-03-02,SEA,0.05833333333333333
792,2022-03-03,SEA,0.24833333333333332
793,2022-03-04,SEA,0.045
794,2022-03-05,SEA,0.03333333333333333
795,2022-03-06,SEA,0.0
796,2022-03-07,SEA,0.0
797,2022-03-08,SEA,0.096
798,2022-03-09,SEA,0.025
799,2022-03-10,SEA,0.0
800,2022-03-11,SEA,0.004
801,2022-03-12,SEA,0.004
802,2022-03-13,SEA,0.092
803,2022-03-14,SEA,0.18
804,2022-03-15,SEA,0.39
805,2022-03-16,SEA,0.05600000000000001
806,2022-03-17,SEA,0.005
807,2022-03-18,SEA,0.1325
808,2022-03-19,SEA,0.47
809,2022-03-20,SEA,0.19666666666666666
810,2022-03-21,SEA,0.36000000000000004
811,2022-03-22,SEA,0.14333333333333334
812,2022-03-23,SEA,0.035
813,2022-03-24,SEA,0.25333333333333335
814,2022-03-25,SEA,0.0
815,2022-03-26,SEA,0.007500000000000001
816,2022-03-27,SEA,0.03
817,2022-03-28,SEA,0.0
818,2022-03-29,SEA,0.006
819,2022-03-30,SEA,0.0
820,2022-03-31,SEA,0.21750000000000003
821,2022-04-01,SEA,0.01
822,2022-04-02,SEA,0.092
823,2022-04-03,SEA,0.0625
824,2022-04-04,SEA,0.8400000000000001
825,2022-04-05,SEA,0.08499999999999999
826,2022-04-06,SEA,0.0025
827,2022-04-07,SEA,0.0
828,2022-04-08,SEA,0.064
829,2022-04-09,SEA,0.095
830,2022-04-10,SEA,0.302
831,2022-04-11,SEA,0.036666666666666674
832,2022-04-12,SEA,0.004
833,2022-04-13,SEA,0.011666666666666667
834,2022-04-14,SEA,0.028000000000000004
835,2022-04-15,SEA,0.052000000000000005
836,2022-04-16,SEA,0.002
837,2022-04-17,SEA,0.037500000000000006
838,2022-04-18,SEA,0.10166666666666667
839,2022-04-19,SEA,0.29833333333333334
840,2022-04-20,SEA,0.024
841,2022-04-21,SEA,0.188
842,2022-04-22,SEA,0.1975
843,2022-04-23,SEA,0.008
844,2022-04-24,SEA,0.0
845,2022-04-25,SEA,0.16166666666666665
846,2022-04-26,SEA,0.022857142857142857
847,2022-04-27,SEA,0.03571428571428571
848,2022-04-28,SEA,0.04
849,2022-04-29,SEA,0.04
850,2022-04-30,SEA,0.36999999999999994
851,2022-05-01,SEA,0.028000000000000004
852,2022-05-02,SEA,0.3516666666666666
853,2022-05-03,SEA,0.11333333333333334
854,2022-05-04,SEA,0.008333333333333333
855,2022-05-05,SEA,0.04833333333333334
856,2022-05-06,SEA,0.4283333333333333
857,2022-05-07,SEA,0.515
858,2022-05-08,SEA,0.02666666666666667
859,2022-05-09,SEA,0.018
860,2022-05-10,SEA,0.011666666666666667
861,2022-05-11,SEA,0.03
862,2022-05-12,SEA,0.09
863,2022-05-13,SEA,0.36
864,2022-05-14,SEA,0.09500000000000001
865,2022-05-15,SEA,0.2
866,2022-05-16,SEA,0.47400000000000003
867,2022-05-17,SEA,0.006666666666666667
868,2022-05-18,SEA,0.21166666666666667
869,2022-05-19,SEA,0.10833333333333334
870,2022-05-20,SEA,0.0025
871,2022-05-21,SEA,0.0
872,2022-05-22,SEA,0.0
873,2022-05-23,SEA,0.0
874,2022-05-24,SEA,0.0
875,2022-05-25,SEA,0.02666666666666667
876,2022-05-26,SEA,0.06
877,2022-05-27,SEA,0.18666666666666668
878,2022-05-28,SEA,0.043333333333333335
879,2022-05-29,SEA,0.43999999999999995
880,2022-05-30,SEA,0.4033333333333333
881,2022-05-31,SEA,0.02
882,2022-06-01,SEA,0.0
883,2022-06-02,SEA,0.0475
884,2022-06-03,SEA,0.268
885,2022-06-04,SEA,0.18
886,2022-06-05,SEA,0.8850000000000001
887,2022-06-06,SEA,0.1742857142857143
888,2022-06-07,SEA,0.0025
889,2022-06-08,SEA,0.006666666666666667
890,2022-06-09,SEA,0.312
891,2022-06-10,SEA,0.958
892,2022-06-11,SEA,0.11200000000000002
893,2022-06-12,SEA,0.03666666666666667
894,2022-06-13,SEA,0.085
895,2022-06-14,SEA,0.14666666666666667
896,2022-06-15,SEA,0.0
897,2022-06-16,SEA,0.022
898,2022-06-17,SEA,0.042
899,2022-06-18,SEA,0.115
900,2022-06-19,SEA,0.04
901,2022-06-20,SEA,0.0
902,2022-06-21,SEA,0.0
903,2022-06-22,SEA,0.02
904,2022-06-23,SEA,0.016
905,2022-06-24,SEA,0.0
906,2022-06-25,SEA,0.0
907,2022-06-26,SEA,0.0
908,2022-06-27,SEA,0.0
909,2022-06-28,SEA,0.0
910,2022-06-29,SEA,0.0
911,2022-06-30,SEA,0.0
912,2022-07-01,SEA,0.0
913,2022-07-02,SEA,0.0
914,2022-07-03,SEA,0.03
915,2022-07-04,SEA,0.086
916,2022-07-05,SEA,0.0125
917,2022-07-06,SEA,0.05800000000000001
918,2022-07-07,SEA,0.0325
919,2022-07-08,SEA,0.004
920,2022-07-09,SEA,0.0
921,2022-07-10,SEA,0.0
922,2022-07-11,SEA,0.0
923,2022-07-12,SEA,0.0
924,2022-07-13,SEA,0.0
925,2022-07-14,SEA,0.0
926,2022-07-15,SEA,0.0
927,2022-07-16,SEA,0.0
928,2022-07-17,SEA,0.002
929,2022-07-18,SEA,0.02
930,2022-07-19,SEA,0.0
931,2022-07-20,SEA,0.0
932,2022-07-21,SEA,0.0
933,2022-07-22,SEA,0.0
934,2022-07-23,SEA,0.0
935,2022-07-24,SEA,0.0
936,2022-07-25,SEA,0.0
937,2022-07-26,SEA,0.0
938,2022-07-27,SEA,0.0
939,2022-07-28,SEA,0.0
940,2022-07-29,SEA,0.0
941,2022-07-30,SEA,0.0
942,2022-07-31,SEA,0.0
943,2022-08-01,SEA,0.004
944,2022-08-02,SEA,0.0
945,2022-08-03,SEA,0.0
946,2022-08-04,SEA,0.0
947,2022-08-05,SEA,0.037500000000000006
948,2022-08-06,SEA,0.0
949,2022-08-07,SEA,0.0
950,2022-08-08,SEA,0.0
951,2022-08-09,SEA,0.004
952,2022-08-10,SEA,0.01
953,2022-08-11,SEA,0.0275
954,2022-08-12,SEA,0.0
955,2022-08-13,SEA,0.0
956,2022-08-14,SEA,0.0
957,2022-08-15,SEA,0.0
958,2022-08-16,SEA,0.0
959,2022-08-17,SEA,0.0
960,2022-08-18,SEA,0.0
961,2022-08-19,SEA,0.01
962,2022-08-20,SEA,0.0275
963,2022-08-21,SEA,0.0
964,2022-08-22,SEA,0.0
965,2022-08-23,SEA,0.0
966,2022-08-24,SEA,0.0
967,2022-08-25,SEA,0.0
968,2022-08-26,SEA,0.0
969,2022-08-27,SEA,0.015000000000000001
970,2022-08-28,SEA,0.0075
971,2022-08-29,SEA,0.0
972,2022-08-30,SEA,0.0
973,2022-08-31,SEA,0.0
974,2022-09-01,SEA,0.0
975,2022-09-02,SEA,0.0
976,2022-09-03,SEA,0.035
977,2022-09-04,SEA,0.0275
978,2022-09-05,SEA,0.023333333333333334
979,2022-09-06,SEA,0.0
980,2022-09-07,SEA,0.0
981,2022-09-08,SEA,0.0
982,2022-09-09,SEA,0.0
983,2022-09-10,SEA,0.0
984,2022-09-11,SEA,0.0
985,2022-09-12,SEA,0.0
986,2022-09-13,SEA,0.0
987,2022-09-14,SEA,0.0
988,2022-09-15,SEA,0.0
989,2022-09-16,SEA,0.03
990,2022-09-17,SEA,0.014000000000000002
991,2022-09-18,SEA,0.0
992,2022-09-19,SEA,0.0
993,2022-09-20,SEA,0.0
994,2022-09-21,SEA,0.0
995,2022-09-22,SEA,0.0
996,2022-09-23,SEA,0.0
997,2022-09-24,SEA,0.0
998,2022-09-25,SEA,0.0
999,2022-09-26,SEA,0.0
1000,2022-09-27,SEA,0.0
1001,2022-09-28,SEA,0.0
1002,2022-09-29,SEA,0.02666666666666667
1003,2022-09-30,SEA,0.0
1004,2022-10-01,SEA,0.0
1005,2022-10-02,SEA,0.0
1006,2022-10-03,SEA,0.0
1007,2022-10-04,SEA,0.0
1008,2022-10-05,SEA,0.0025
1009,2022-10-06,SEA,0.0
1010,2022-10-07,SEA,0.0
1011,2022-10-08,SEA,0.0
1012,2022-10-09,SEA,0.0
1013,2022-10-10,SEA,0.0025
1014,2022-10-11,SEA,0.0
1015,2022-10-12,SEA,0.0
1016,2022-10-13,SEA,0.0
1017,2022-10-14,SEA,0.0
1018,2022-10-15,SEA,0.0
1019,2022-10-16,SEA,0.0
1020,2022-10-17,SEA,0.0
1021,2022-10-18,SEA,0.0
1022,2022-10-19,SEA,0.0
1023,2022-10-20,SEA,0.0
1024,2022-10-21,SEA,0.10333333333333333
1025,2022-10-22,SEA,0.4175
1026,2022-10-23,SEA,0.21200000000000002
1027,2022-10-24,SEA,0.10500000000000001
1028,2022-10-25,SEA,0.13799999999999998
1029,2022-10-26,SEA,0.28
1030,2022-10-27,SEA,0.0075
1031,2022-10-28,SEA,0.45600000000000007
1032,2022-10-29,SEA,0.028000000000000004
1033,2022-10-30,SEA,0.025
1034,2022-10-31,SEA,0.7916666666666666
1035,2022-11-01,SEA,0.039999999999999994
1036,2022-11-02,SEA,0.252
1037,2022-11-03,SEA,0.125
1038,2022-11-04,SEA,0.402
1039,2022-11-05,SEA,0.016
1040,2022-11-06,SEA,0.8925
1041,2022-11-07,SEA,0.252
1042,2022-11-08,SEA,0.296
1043,2022-11-09,SEA,0.005
1044,2022-11-10,SEA,0.0
1045,2022-11-11,SEA,0.0
1046,2022-11-12,SEA,0.0
1047,2022-11-13,SEA,0.0
1048,2022-11-14,SEA,0.0
1049,2022-11-15,SEA,0.0
1050,2022-11-16,SEA,0.0
1051,2022-11-17,SEA,0.0
1052,2022-11-18,SEA,0.0
1053,2022-11-19,SEA,0.0
1054,2022-11-20,SEA,0.0
1055,2022-11-21,SEA,0.002
1056,2022-11-22,SEA,0.325
1057,2022-11-23,SEA,0.7483333333333334
1058,2022-11-24,SEA,0.0025
1059,2022-11-25,SEA,0.16333333333333333
1060,2022-11-26,SEA,0.5549999999999999
1061,2022-11-27,SEA,0.20500000000000002
1062,2022-11-28,SEA,0.07666666666666667
1063,2022-11-29,SEA,0.022
1064,2022-11-30,SEA,1.2
1065,2022-12-01,SEA,0.048
1066,2022-12-02,SEA,0.01
1067,2022-12-03,SEA,0.606
1068,2022-12-04,SEA,0.064
1069,2022-12-05,SEA,0.128
1070,2022-12-06,SEA,0.018
1071,2022-12-07,SEA,0.03
1072,2022-12-08,SEA,0.198
1073,2022-12-09,SEA,0.065
1074,2022-12-10,SEA,0.844
1075,2022-12-11,SEA,0.256
1076,2022-12-12,SEA,0.092
1077,2022-12-13,SEA,0.018
1078,2022-12-14,SEA,0.004
1079,2022-12-15,SEA,0.0
1080,2022-12-16,SEA,0.0
1081,2022-12-17,SEA,0.05000000000000001
1082,2022-12-18,SEA,0.0475
1083,2022-12-19,SEA,0.07333333333333335
1084,2022-12-20,SEA,0.42
1085,2022-12-21,SEA,0.1875
1086,2022-12-22,SEA,0.01
1087,2022-12-23,SEA,0.22999999999999998
1088,2022-12-24,SEA,0.85
1089,2022-12-25,SEA,0.7399999999999999
1090,2022-12-26,SEA,1.53
1091,2022-12-27,SEA,0.5866666666666667
1092,2022-12-28,SEA,0.38000000000000006
1093,2022-12-29,SEA,0.10999999999999999
1094,2022-12-30,SEA,0.6166666666666667
1095,2022-12-31,SEA,0.15000000000000002
1096,2023-01-01,SEA,0.016666666666666666
1097,2023-01-02,SEA,0.0033333333333333335
1098,2023-01-03,SEA,0.0
1099,2023-01-04,SEA,0.007500000000000001
1100,2023-01-05,SEA,0.0275
1101,2023-01-06,SEA,0.06333333333333334
1102,2023-01-07,SEA,0.2866666666666667
1103,2023-01-08,SEA,0.2733333333333334
1104,2023-01-09,SEA,0.3275
1105,2023-01-10,SEA,0.5775
1106,2023-01-11,SEA,0.046
1107,2023-01-12,SEA,0.4640000000000001
1108,2023-01-13,SEA,0.518
1109,2023-01-14,SEA,0.2175
1110,2023-01-15,SEA,0.15
1111,2023-01-16,SEA,0.2525
1112,2023-01-17,SEA,0.0225
1113,2023-01-18,SEA,0.1725
1114,2023-01-19,SEA,0.205
1115,2023-01-20,SEA,0.0
1116,2023-01-21,SEA,0.049999999999999996
1117,2023-01-22,SEA,0.24
1118,2023-01-23,SEA,0.0033333333333333335
1119,2023-01-24,SEA,0.0
1120,2023-01-25,SEA,0.0325
1121,2023-01-26,SEA,0.0075
1122,2023-01-27,SEA,0.1675
1123,2023-01-28,SEA,0.08333333333333333
1124,2023-01-29,SEA,0.0
1125,2023-01-30,SEA,0.0
1126,2023-01-31,SEA,0.0
1127,2023-02-01,SEA,0.0
1128,2023-02-02,SEA,0.0
1129,2023-02-03,SEA,0.06999999999999999
1130,2023-02-04,SEA,0.33
1131,2023-02-05,SEA,0.08666666666666667
1132,2023-02-06,SEA,0.125
1133,2023-02-07,SEA,0.18000000000000002
1134,2023-02-08,SEA,0.095
1135,2023-02-09,SEA,0.03
1136,2023-02-10,SEA,0.04
1137,2023-02-11,SEA,0.0
1138,2023-02-12,SEA,0.0033333333333333335
1139,2023-02-13,SEA,0.09
1140,2023-02-14,SEA,0.1975
1141,2023-02-15,SEA,0.0
1142,2023-02-16,SEA,0.0
1143,2023-02-17,SEA,0.25
1144,2023-02-18,SEA,0.08333333333333333
1145,2023-02-19,SEA,0.06333333333333334
1146,2023-02-20,SEA,0.2725
1147,2023-02-21,SEA,0.06999999999999999
1148,2023-02-22,SEA,0.33499999999999996
1149,2023-02-23,SEA,0.022
1150,2023-02-24,SEA,0.0
1151,2023-02-25,SEA,0.006666666666666667
1152,2023-02-26,SEA,0.315
1153,2023-02-27,SEA,0.04
1154,2023-02-28,SEA,0.22199999999999998
1155,2023-03-01,SEA,0.02666666666666667
1156,2023-03-02,SEA,0.155
1157,2023-03-03,SEA,0.0825
1158,2023-03-04,SEA,0.48750000000000004
1159,2023-03-05,SEA,0.1366666666666667
1160,2023-03-06,SEA,0.1775
1161,2023-03-07,SEA,0.006666666666666667
1162,2023-03-08,SEA,0.0033333333333333335
1163,2023-03-09,SEA,0.049999999999999996
1164,2023-03-10,SEA,0.185
1165,2023-03-11,SEA,0.03
1166,2023-03-12,SEA,0.0
1167,2023-03-13,SEA,0.7933333333333333
1168,2023-03-14,SEA,0.04
1169,2023-03-15,SEA,0.008
1170,2023-03-16,SEA,0.005
1171,2023-03-17,SEA,0.005
1172,2023-03-18,SEA,0.0
1173,2023-03-19,SEA,0.0
1174,2023-03-20,SEA,0.134
1175,2023-03-21,SEA,0.034
1176,2023-03-22,SEA,0.0075
1177,2023-03-23,SEA,0.01
1178,2023-03-24,SEA,0.02
1179,2023-03-25,SEA,0.3075
1180,2023-03-26,SEA,0.005
1181,2023-03-27,SEA,0.0
1182,2023-03-28,SEA,0.0
1183,2023-03-29,SEA,0.0
1184,2023-03-30,SEA,0.0
1185,2023-03-31,SEA,0.1
1186,2023-04-01,SEA,0.26333333333333336
1187,2023-04-02,SEA,0.1125
1188,2023-04-03,SEA,0.27
1189,2023-04-04,SEA,0.07250000000000001
1190,2023-04-05,SEA,0.0
1191,2023-04-06,SEA,0.126
1192,2023-04-07,SEA,0.5266666666666667
1193,2023-04-08,SEA,0.038
1194,2023-04-09,SEA,0.22200000000000003
1195,2023-04-10,SEA,0.454
1196,2023-04-11,SEA,0.458
1197,2023-04-12,SEA,0.008
1198,2023-04-13,SEA,0.0
1199,2023-04-14,SEA,0.0
1200,2023-04-15,SEA,0.006666666666666667
1201,2023-04-16,SEA,0.13333333333333333
1202,2023-04-17,SEA,0.22999999999999998
1203,2023-04-18,SEA,0.182
1204,2023-04-19,SEA,0.042
1205,2023-04-20,SEA,0.0875
1206,2023-04-21,SEA,0.27
1207,2023-04-22,SEA,0.0425
1208,2023-04-23,SEA,0.35250000000000004
1209,2023-04-24,SEA,0.12666666666666668
1210,2023-04-25,SEA,0.0075
1211,2023-04-26,SEA,0.0
1212,2023-04-27,SEA,0.0
1213,2023-04-28,SEA,0.0
1214,2023-04-29,SEA,0.0
1215,2023-04-30,SEA,0.0
1216,2023-05-01,SEA,0.006666666666666667
1217,2023-05-02,SEA,0.034
1218,2023-05-03,SEA,0.0
1219,2023-05-04,SEA,0.022
1220,2023-05-05,SEA,0.38
1221,2023-05-06,SEA,0.43
1222,2023-05-07,SEA,0.0475
1223,2023-05-08,SEA,0.0033333333333333335
1224,2023-05-09,SEA,0.005
1225,2023-05-10,SEA,0.0
1226,2023-05-11,SEA,0.0
1227,2023-05-12,SEA,0.0
1228,2023-05-13,SEA,0.0
1229,2023-05-14,SEA,0.0
1230,2023-05-15,SEA,0.0
1231,2023-05-16,SEA,0.024999999999999998
1232,2023-05-17,SEA,0.0
1233,2023-05-18,SEA,0.0
1234,2023-05-19,SEA,0.0
1235,2023-05-20,SEA,0.0033333333333333335
1236,2023-05-21,SEA,0.0
1237,2023-05-22,SEA,0.1
1238,2023-05-23,SEA,0.0025
1239,2023-05-24,SEA,0.0
1240,2023-05-25,SEA,0.0
1241,2023-05-26,SEA,0.0
1242,2023-05-27,SEA,0.0
1243,2023-05-28,SEA,0.0
1244,2023-05-29,SEA,0.0
1245,2023-05-30,SEA,0.0
1246,2023-05-31,SEA,0.0
1247,2023-06-01,SEA,0.0
1248,2023-06-02,SEA,0.0
1249,2023-06-03,SEA,0.0
1250,2023-06-04,SEA,0.0
1251,2023-06-05,SEA,0.0
1252,2023-06-06,SEA,0.0
1253,2023-06-07,SEA,0.0
1254,2023-06-08,SEA,0.0
1255,2023-06-09,SEA,0.075
1256,2023-06-10,SEA,0.31
1257,2023-06-11,SEA,0.045
1258,2023-06-12,SEA,0.0
1259,2023-06-13,SEA,0.0
1260,2023-06-14,SEA,0.005
1261,2023-06-15,SEA,0.0
1262,2023-06-16,SEA,0.065
1263,2023-06-17,SEA,0.2233333333333333
1264,2023-06-18,SEA,0.11666666666666665
1265,2023-06-19,SEA,0.18999999999999997
1266,2023-06-20,SEA,0.31666666666666665
1267,2023-06-21,SEA,0.05333333333333334
1268,2023-06-22,SEA,0.0
1269,2023-06-23,SEA,0.0
1270,2023-06-24,SEA,0.0
1271,2023-06-25,SEA,0.0
1272,2023-06-26,SEA,0.0
1273,2023-06-27,SEA,0.0
1274,2023-06-28,SEA,0.0
1275,2023-06-29,SEA,0.0
1276,2023-06-30,SEA,0.0
1277,2023-07-01,SEA,0.0
1278,2023-07-02,SEA,0.0
1279,2023-07-03,SEA,0.0
1280,2023-07-04,SEA,0.0
1281,2023-07-05,SEA,0.0
1282,2023-07-06,SEA,0.0
1283,2023-07-07,SEA,0.0
1284,2023-07-08,SEA,0.0
1285,2023-07-09,SEA,0.0
1286,2023-07-10,SEA,0.0
1287,2023-07-11,SEA,0.0
1288,2023-07-12,SEA,0.0
1289,2023-07-13,SEA,0.0
1290,2023-07-14,SEA,0.0
1291,2023-07-15,SEA,0.0
1292,2023-07-16,SEA,0.0
1293,2023-07-17,SEA,0.0
1294,2023-07-18,SEA,0.0
1295,2023-07-19,SEA,0.0
1296,2023-07-20,SEA,0.0
1297,2023-07-21,SEA,0.0
1298,2023-07-22,SEA,0.0
1299,2023-07-23,SEA,0.0
1300,2023-07-24,SEA,0.03
1301,2023-07-25,SEA,0.08
1302,2023-07-26,SEA,0.0
1303,2023-07-27,SEA,0.0
1304,2023-07-28,SEA,0.0
1305,2023-07-29,SEA,0.0
1306,2023-07-30,SEA,0.0
1307,2023-07-31,SEA,0.0
1308,2023-08-01,SEA,0.0
1309,2023-08-02,SEA,0.0
1310,2023-08-03,SEA,0.0
1311,2023-08-04,SEA,0.0
1312,2023-08-05,SEA,0.006666666666666667
1313,2023-08-06,SEA,0.006666666666666667
1314,2023-08-07,SEA,0.043333333333333335
1315,2023-08-08,SEA,0.03
1316,2023-08-09,SEA,0.01
1317,2023-08-10,SEA,0.02
1318,2023-08-11,SEA,0.0
1319,2023-08-12,SEA,0.0
1320,2023-08-13,SEA,0.0
1321,2023-08-14,SEA,0.0
1322,2023-08-15,SEA,0.0
1323,2023-08-16,SEA,0.0
1324,2023-08-17,SEA,0.0
1325,2023-08-18,SEA,0.0
1326,2023-08-19,SEA,0.0
1327,2023-08-20,SEA,0.0
1328,2023-08-21,SEA,0.0
1329,2023-08-22,SEA,0.006666666666666667
1330,2023-08-23,SEA,0.055
1331,2023-08-24,SEA,0.0
1332,2023-08-25,SEA,0.006666666666666667
1333,2023-08-26,SEA,0.0033333333333333335
1334,2023-08-27,SEA,0.0
1335,2023-08-28,SEA,0.0
1336,2023-08-29,SEA,0.03
1337,2023-08-30,SEA,0.14750000000000002
1338,2023-08-31,SEA,0.023333333333333334
1339,2023-09-01,SEA,0.006666666666666667
1340,2023-09-02,SEA,0.0
1341,2023-09-03,SEA,0.02
1342,2023-09-04,SEA,0.04
1343,2023-09-05,SEA,0.013333333333333334
1344,2023-09-06,SEA,0.0
1345,2023-09-07,SEA,0.0
1346,2023-09-08,SEA,0.0
1347,2023-09-09,SEA,0.0
1348,2023-09-10,SEA,0.0
1349,2023-09-11,SEA,0.0
1350,2023-09-12,SEA,0.016666666666666666
1351,2023-09-13,SEA,0.0325
1352,2023-09-14,SEA,0.0
1353,2023-09-15,SEA,0.0
1354,2023-09-16,SEA,0.0
1355,2023-09-17,SEA,0.0
1356,2023-09-18,SEA,0.0975
1357,2023-09-19,SEA,0.0
1358,2023-09-20,SEA,0.5175
1359,2023-09-21,SEA,0.013333333333333334
1360,2023-09-22,SEA,0.0
1361,2023-09-23,SEA,0.0375
1362,2023-09-24,SEA,0.186
1363,2023-09-25,SEA,0.8560000000000001
1364,2023-09-26,SEA,0.7775
1365,2023-09-27,SEA,0.7233333333333333
1366,2023-09-28,SEA,0.576
1367,2023-09-29,SEA,0.154
1368,2023-09-30,SEA,0.0025
1369,2023-10-01,SEA,0.0
1370,2023-10-02,SEA,0.0
1371,2023-10-03,SEA,0.246
1372,2023-10-04,SEA,0.0
1373,2023-10-05,SEA,0.0
1374,2023-10-06,SEA,0.0
1375,2023-10-07,SEA,0.0
1376,2023-10-08,SEA,0.0
1377,2023-10-09,SEA,0.0075
1378,2023-10-10,SEA,0.13599999999999998
1379,2023-10-11,SEA,0.646
1380,2023-10-12,SEA,0.16499999999999998
1381,2023-10-13,SEA,0.06
1382,2023-10-14,SEA,0.13
1383,2023-10-15,SEA,0.02
1384,2023-10-16,SEA,0.32
1385,2023-10-17,SEA,0.2525
1386,2023-10-18,SEA,0.06166666666666667
1387,2023-10-19,SEA,0.0
1388,2023-10-20,SEA,0.0
1389,2023-10-21,SEA,0.005
1390,2023-10-22,SEA,0.01
1391,2023-10-23,SEA,0.004
1392,2023-10-24,SEA,0.12
1393,2023-10-25,SEA,0.624
1394,2023-10-26,SEA,0.013333333333333334
1395,2023-10-27,SEA,0.0
1396,2023-10-28,SEA,0.0
1397,2023-10-29,SEA,0.0
1398,2023-10-30,SEA,0.0
1399,2023-10-31,SEA,0.0
1400,2023-11-01,SEA,0.1075
1401,2023-11-02,SEA,0.9775
1402,2023-11-03,SEA,0.18000000000000002
1403,2023-11-04,SEA,0.905
1404,2023-11-05,SEA,0.4875
1405,2023-11-06,SEA,0.415
1406,2023-11-07,SEA,0.4675
1407,2023-11-08,SEA,0.013333333333333334
1408,2023-11-09,SEA,0.04666666666666667
1409,2023-11-10,SEA,0.15666666666666665
1410,2023-11-11,SEA,0.3575
1411,2023-11-12,SEA,0.085
1412,2023-11-13,SEA,0.2
1413,2023-11-14,SEA,0.022
1414,2023-11-15,SEA,0.0025
1415,2023-11-16,SEA,0.005
1416,2023-11-17,SEA,0.0
1417,2023-11-18,SEA,0.09000000000000001
1418,2023-11-19,SEA,0.2275
1419,2023-11-20,SEA,0.015
1420,2023-11-21,SEA,0.0425
1421,2023-11-22,SEA,0.37666666666666665
1422,2023-11-23,SEA,0.0
1423,2023-11-24,SEA,0.0
1424,2023-11-25,SEA,
1425,2023-11-26,SEA,0.0
1426,2023-11-27,SEA,0.0
1427,2023-11-28,SEA,0.0
1428,2023-11-29,SEA,0.0
1429,2023-11-30,SEA,0.048
1430,2023-12-01,SEA,0.466
1431,2023-12-02,SEA,0.694
1432,2023-12-03,SEA,0.25
1433,2023-12-04,SEA,0.366
1434,2023-12-05,SEA,2.71
1435,2023-12-06,SEA,0.8960000000000001
1436,2023-12-07,SEA,0.4
1437,2023-12-08,SEA,0.276
1438,2023-12-09,SEA,0.14800000000000002
1439,2023-12-10,SEA,0.5740000000000001
1440,2023-12-11,SEA,0.014000000000000002
1441,2023-12-12,SEA,0.0
1442,2023-12-13,SEA,0.0
1443,2023-12-14,SEA,0.14
1444,2023-12-15,SEA,0.025
1445,2023-12-16,SEA,0.0
1446,2023-12-17,SEA,0.0
1447,2023-12-18,SEA,0.0125
1448,2023-12-19,SEA,0.125
1449,2023-12-20,SEA,0.16999999999999998
1450,2023-12-21,SEA,0.0175
1451,2023-12-22,SEA,0.2775
1452,2023-12-23,SEA,0.595
1453,2023-12-24,SEA,0.006666666666666667
1454,2023-12-25,SEA,0.19666666666666666
1455,2023-12-26,SEA,0.6066666666666667
1456,2023-12-27,SEA,0.06333333333333334
1457,2023-12-28,SEA,0.24
1458,2023-12-29,SEA,0.05500000000000001
1459,2023-12-30,SEA,0.0425
1460,2023-12-31,SEA,0.05
1461,2020-01-01,NYC,0.013333333333333332
1462,2020-01-02,NYC,0.0
1463,2020-01-03,NYC,0.13444444444444445
1464,2020-01-04,NYC,0.2
1465,2020-01-05,NYC,0.04
1466,2020-01-06,NYC,0.017777777777777778
1467,2020-01-07,NYC,0.01
1468,2020-01-08,NYC,0.03333333333333333
1469,2020-01-09,NYC,0.0011111111111111111
1470,2020-01-10,NYC,0.0
1471,2020-01-11,NYC,0.0
1472,2020-01-12,NYC,0.060000000000000005
1473,2020-01-13,NYC,0.003333333333333333
1474,2020-01-14,NYC,0.0125
1475,2020-01-15,NYC,0.014444444444444446
1476,2020-01-16,NYC,0.07111111111111111
1477,2020-01-17,NYC,0.0022222222222222222
1478,2020-01-18,NYC,0.15444444444444444
1479,2020-01-19,NYC,0.40222222222222226
1480,2020-01-20,NYC,0.0
1481,2020-01-21,NYC,0.0
1482,2020-01-22,NYC,0.0
1483,2020-01-23,NYC,0.0
1484,2020-01-24,NYC,0.0
1485,2020-01-25,NYC,0.2677777777777778
1486,2020-01-26,NYC,0.63
1487,2020-01-27,NYC,0.0011111111111111111
1488,2020-01-28,NYC,0.0011111111111111111
1489,2020-01-29,NYC,0.0
1490,2020-01-30,NYC,0.0
1491,2020-01-31,NYC,0.006666666666666666
1492,2020-02-01,NYC,0.014444444444444446
1493,2020-02-02,NYC,0.0375
1494,2020-02-03,NYC,0.03571428571428571
1495,2020-02-04,NYC,0.014444444444444446
1496,2020-02-05,NYC,0.02
1497,2020-02-06,NYC,0.5244444444444444
1498,2020-02-07,NYC,0.21888888888888888
1499,2020-02-08,NYC,0.0811111111111111
1500,2020-02-09,NYC,0.0022222222222222222
1501,2020-02-10,NYC,0.15375
1502,2020-02-11,NYC,0.5166666666666667
1503,2020-02-12,NYC,0.09555555555555556
1504,2020-02-13,NYC,0.3844444444444444
1505,2020-02-14,NYC,0.08888888888888889
1506,2020-02-15,NYC,0.0011111111111111111
1507,2020-02-16,NYC,0.0
1508,2020-02-17,NYC,0.0
1509,2020-02-18,NYC,0.0
1510,2020-02-19,NYC,0.005555555555555556
1511,2020-02-20,NYC,0.0
1512,2020-02-21,NYC,0.0
1513,2020-02-22,NYC,0.0
1514,2020-02-23,NYC,0.0
1515,2020-02-24,NYC,0.0011111111111111111
1516,2020-02-25,NYC,0.044444444444444446
1517,2020-02-26,NYC,0.14
1518,2020-02-27,NYC,0.8155555555555556
1519,2020-02-28,NYC,0.0011111111111111111
1520,2020-02-29,NYC,0.0
1521,2020-03-01,NYC,0.0
1522,2020-03-02,NYC,0.0
1523,2020-03-03,NYC,0.12444444444444445
1524,2020-03-04,NYC,0.23777777777777778
1525,2020-03-05,NYC,0.0025
1526,2020-03-06,NYC,0.05625
1527,2020-03-07,NYC,0.06125
1528,2020-03-08,NYC,0.00125
1529,2020-03-09,NYC,0.0
1530,2020-03-10,NYC,0.0
1531,2020-03-11,NYC,0.0
1532,2020-03-12,NYC,0.04625
1533,2020-03-13,NYC,0.3466666666666667
1534,2020-03-14,NYC,0.06666666666666667
1535,2020-03-15,NYC,0.0
1536,2020-03-16,NYC,0.0
1537,2020-03-17,NYC,0.14777777777777779
1538,2020-03-18,NYC,0.026666666666666665
1539,2020-03-19,NYC,0.9288888888888889
1540,2020-03-20,NYC,0.02888888888888889
1541,2020-03-21,NYC,0.0
1542,2020-03-22,NYC,0.0
1543,2020-03-23,NYC,0.4475
1544,2020-03-24,NYC,0.8144444444444444
1545,2020-03-25,NYC,0.0044444444444444444
1546,2020-03-26,NYC,0.0011111111111111111
1547,2020-03-27,NYC,0.0011111111111111111
1548,2020-03-28,NYC,0.12444444444444445
1549,2020-03-29,NYC,0.3566666666666667
1550,2020-03-30,NYC,0.07333333333333333
1551,2020-03-31,NYC,0.05888888888888889
1552,2020-04-01,NYC,0.0
1553,2020-04-02,NYC,0.0
1554,2020-04-03,NYC,0.06777777777777777
1555,2020-04-04,NYC,0.05777777777777778
1556,2020-04-05,NYC,0.0022222222222222222
1557,2020-04-06,NYC,0.08444444444444445
1558,2020-04-07,NYC,0.0
1559,2020-04-08,NYC,0.1711111111111111
1560,2020-04-09,NYC,0.07666666666666666
1561,2020-04-10,NYC,0.18555555555555556
1562,2020-04-11,NYC,0.008888888888888889
1563,2020-04-12,NYC,0.0
1564,2020-04-13,NYC,0.819
1565,2020-04-14,NYC,0.7390000000000001
1566,2020-04-15,NYC,0.019
1567,2020-04-16,NYC,0.001
1568,2020-04-17,NYC,0.012
1569,2020-04-18,NYC,0.213
1570,2020-04-19,NYC,0.043
1571,2020-04-20,NYC,0.0
1572,2020-04-21,NYC,0.073
1573,2020-04-22,NYC,0.215
1574,2020-04-23,NYC,0.035
1575,2020-04-24,NYC,0.501
1576,2020-04-25,NYC,0.135
1577,2020-04-26,NYC,0.07111111111111111
1578,2020-04-27,NYC,0.177
1579,2020-04-28,NYC,0.019
1580,2020-04-29,NYC,0.003
1581,2020-04-30,NYC,0.307
1582,2020-05-01,NYC,0.40199999999999997
1583,2020-05-02,NYC,0.079
1584,2020-05-03,NYC,0.122
1585,2020-05-04,NYC,0.037
1586,2020-05-05,NYC,0.0
1587,2020-05-06,NYC,0.013000000000000001
1588,2020-05-07,NYC,0.05
1589,2020-05-08,NYC,0.10600000000000001
1590,2020-05-09,NYC,0.367
1591,2020-05-10,NYC,0.003
1592,2020-05-11,NYC,0.01
1593,2020-05-12,NYC,0.041999999999999996
1594,2020-05-13,NYC,0.001
1595,2020-05-14,NYC,0.0
1596,2020-05-15,NYC,0.052000000000000005
1597,2020-05-16,NYC,0.09777777777777778
1598,2020-05-17,NYC,0.0
1599,2020-05-18,NYC,0.0
1600,2020-05-19,NYC,0.0
1601,2020-05-20,NYC,0.0
1602,2020-05-21,NYC,0.0
1603,2020-05-22,NYC,0.015555555555555557
1604,2020-05-23,NYC,0.25222222222222224
1605,2020-05-24,NYC,0.4766666666666667
1606,2020-05-25,NYC,0.008888888888888889
1607,2020-05-26,NYC,0.006666666666666666
1608,2020-05-27,NYC,0.0
1609,2020-05-28,NYC,0.013333333333333334
1610,2020-05-29,NYC,0.015555555555555557
1611,2020-05-30,NYC,0.06666666666666667
1612,2020-05-31,NYC,0.0
1613,2020-06-01,NYC,0.0
1614,2020-06-02,NYC,0.0
1615,2020-06-03,NYC,0.19
1616,2020-06-04,NYC,0.36333333333333334
1617,2020-06-05,NYC,0.3433333333333333
1618,2020-06-06,NYC,0.19777777777777777
1619,2020-06-07,NYC,0.17666666666666664
1620,2020-06-08,NYC,0.0
1621,2020-06-09,NYC,0.0
1622,2020-06-10,NYC,0.0
1623,2020-06-11,NYC,0.143
1624,2020-06-12,NYC,0.378
1625,2020-06-13,NYC,0.0
1626,2020-06-14,NYC,0.0
1627,2020-06-15,NYC,0.0
1628,2020-06-16,NYC,0.0
1629,2020-06-17,NYC,0.0
1630,2020-06-18,NYC,0.0
1631,2020-06-19,NYC,0.0
1632,2020-06-20,NYC,0.0
1633,2020-06-21,NYC,0.0
1634,2020-06-22,NYC,0.0
1635,2020-06-23,NYC,0.0
1636,2020-06-24,NYC,0.0
1637,2020-06-25,NYC,0.0
1638,2020-06-26,NYC,0.0
1639,2020-06-27,NYC,0.073
1640,2020-06-28,NYC,0.15363636363636363
1641,2020-06-29,NYC,0.15454545454545454
1642,2020-06-30,NYC,0.04
1643,2020-07-01,NYC,0.1781818181818182
1644,2020-07-02,NYC,0.22999999999999998
1645,2020-07-03,NYC,0.11499999999999999
1646,2020-07-04,NYC,0.386
1647,2020-07-05,NYC,0.001
1648,2020-07-06,NYC,0.05700000000000001
1649,2020-07-07,NYC,0.079
1650,2020-07-08,NYC,0.005
1651,2020-07-09,NYC,0.225
1652,2020-07-10,NYC,0.5509999999999999
1653,2020-07-11,NYC,1.0409090909090908
1654,2020-07-12,NYC,0.15636363636363637
1655,2020-07-13,NYC,0.03
1656,2020-07-14,NYC,0.001
1657,2020-07-15,NYC,0.003
1658,2020-07-16,NYC,0.0
1659,2020-07-17,NYC,0.04111111111111111
1660,2020-07-18,NYC,0.079
1661,2020-07-19,NYC,0.0
1662,2020-07-20,NYC,0.0
1663,2020-07-21,NYC,0.0
1664,2020-07-22,NYC,0.259
1665,2020-07-23,NYC,0.24900000000000003
1666,2020-07-24,NYC,0.175
1667,2020-07-25,NYC,0.15272727272727274
1668,2020-07-26,NYC,0.0
1669,2020-07-27,NYC,0.0
1670,2020-07-28,NYC,0.004545454545454546
1671,2020-07-29,NYC,0.0
1672,2020-07-30,NYC,0.007272727272727273
1673,2020-07-31,NYC,0.748
1674,2020-08-01,NYC,0.009
1675,2020-08-02,NYC,0.003333333333333333
1676,2020-08-03,NYC,0.09200000000000001
1677,2020-08-04,NYC,0.30454545454545456
1678,2020-08-05,NYC,0.23750000000000002
1679,2020-08-06,NYC,0.012727272727272728
1680,2020-08-07,NYC,0.1590909090909091
1681,2020-08-08,NYC,0.053000000000000005
1682,2020-08-09,NYC,0.0009090909090909091
1683,2020-08-10,NYC,0.0
1684,2020-08-11,NYC,0.006363636363636364
1685,2020-08-12,NYC,0.27636363636363637
1686,2020-08-13,NYC,0.08454545454545455
1687,2020-08-14,NYC,0.06545454545454545
1688,2020-08-15,NYC,0.0
1689,2020-08-16,NYC,0.09818181818181819
1690,2020-08-17,NYC,0.4309090909090909
1691,2020-08-18,NYC,0.5618181818181818
1692,2020-08-19,NYC,0.11727272727272728
1693,2020-08-20,NYC,0.17454545454545453
1694,2020-08-21,NYC,0.003
1695,2020-08-22,NYC,0.0
1696,2020-08-23,NYC,0.009
1697,2020-08-24,NYC,0.0
1698,2020-08-25,NYC,0.03833333333333334
1699,2020-08-26,NYC,0.06916666666666667
1700,2020-08-27,NYC,0.15363636363636363
1701,2020-08-28,NYC,0.3172727272727273
1702,2020-08-29,NYC,0.049090909090909095
1703,2020-08-30,NYC,0.06363636363636364
1704,2020-08-31,NYC,0.0009090909090909091
1705,2020-09-01,NYC,0.18636363636363634
1706,2020-09-02,NYC,0.1281818181818182
1707,2020-09-03,NYC,0.25181818181818183
1708,2020-09-04,NYC,0.3018181818181818
1709,2020-09-05,NYC,0.0009090909090909091
1710,2020-09-06,NYC,0.0
1711,2020-09-07,NYC,0.0
1712,2020-09-08,NYC,0.0
1713,2020-09-09,NYC,0.0
1714,2020-09-10,NYC,1.5491666666666666
1715,2020-09-11,NYC,0.465
1716,2020-09-12,NYC,0.0022222222222222222
1717,2020-09-13,NYC,0.0
1718,2020-09-14,NYC,0.0
1719,2020-09-15,NYC,0.0
1720,2020-09-16,NYC,0.0
1721,2020-09-17,NYC,0.0
1722,2020-09-18,NYC,0.024545454545454547
1723,2020-09-19,NYC,0.0009090909090909091
1724,2020-09-20,NYC,0.0
1725,2020-09-21,NYC,0.0
1726,2020-09-22,NYC,0.0
1727,2020-09-23,NYC,0.0
1728,2020-09-24,NYC,0.0
1729,2020-09-25,NYC,0.0
1730,2020-09-26,NYC,0.00818181818181818
1731,2020-09-27,NYC,0.00818181818181818
1732,2020-09-28,NYC,0.057499999999999996
1733,2020-09-29,NYC,0.055833333333333325
1734,2020-09-30,NYC,1.0591666666666668
1735,2020-10-01,NYC,0.002727272727272727
1736,2020-10-02,NYC,0.03272727272727272
1737,2020-10-03,NYC,0.020999999999999998
1738,2020-10-04,NYC,0.0
1739,2020-10-05,NYC,0.001
1740,2020-10-06,NYC,0.023
1741,2020-10-07,NYC,0.006363636363636364
1742,2020-10-08,NYC,0.015
1743,2020-10-09,NYC,0.0
1744,2020-10-10,NYC,0.0
1745,2020-10-11,NYC,0.0
1746,2020-10-12,NYC,0.665
1747,2020-10-13,NYC,0.49444444444444446
1748,2020-10-14,NYC,0.05181818181818181
1749,2020-10-15,NYC,0.002727272727272727
1750,2020-10-16,NYC,0.2991666666666667
1751,2020-10-17,NYC,1.1033333333333333
1752,2020-10-18,NYC,0.005
1753,2020-10-19,NYC,0.0
1754,2020-10-20,NYC,0.035833333333333335
1755,2020-10-21,NYC,0.018333333333333333
1756,2020-10-22,NYC,0.0036363636363636364
1757,2020-10-23,NYC,0.013333333333333334
1758,2020-10-24,NYC,0.011818181818181818
1759,2020-10-25,NYC,0.004545454545454546
1760,2020-10-26,NYC,0.052000000000000005
1761,2020-10-27,NYC,0.03333333333333333
1762,2020-10-28,NYC,0.12090909090909091
1763,2020-10-29,NYC,0.47800000000000004
1764,2020-10-30,NYC,1.5408333333333333
1765,2020-10-31,NYC,0.19499999999999998
1766,2020-11-01,NYC,0.14363636363636365
1767,2020-11-02,NYC,0.3790909090909091
1768,2020-11-03,NYC,0.004
1769,2020-11-04,NYC,0.0018181818181818182
1770,2020-11-05,NYC,0.0008333333333333334
1771,2020-11-06,NYC,0.0
1772,2020-11-07,NYC,0.001
1773,2020-11-08,NYC,0.0009090909090909091
1774,2020-11-09,NYC,0.0
1775,2020-11-10,NYC,0.0
1776,2020-11-11,NYC,0.2081818181818182
1777,2020-11-12,NYC,0.79
1778,2020-11-13,NYC,0.23750000000000002
1779,2020-11-14,NYC,0.09416666666666668
1780,2020-11-15,NYC,0.07083333333333335
1781,2020-11-16,NYC,0.25999999999999995
1782,2020-11-17,NYC,0.0007692307692307692
1783,2020-11-18,NYC,0.004615384615384615
1784,2020-11-19,NYC,0.0
1785,2020-11-20,NYC,0.0
1786,2020-11-21,NYC,0.0
1787,2020-11-22,NYC,0.006923076923076922
1788,2020-11-23,NYC,0.6030769230769231
1789,2020-11-24,NYC,0.0675
1790,2020-11-25,NYC,0.013076923076923078
1791,2020-11-26,NYC,0.5736363636363637
1792,2020-11-27,NYC,0.04833333333333334
1793,2020-11-28,NYC,0.0008333333333333334
1794,2020-11-29,NYC,0.0
1795,2020-11-30,NYC,0.26999999999999996
1796,2020-12-01,NYC,1.0415384615384615
1797,2020-12-02,NYC,0.0038461538461538464
1798,2020-12-03,NYC,0.0007692307692307692
1799,2020-12-04,NYC,0.023846153846153847
1800,2020-12-05,NYC,0.9842857142857143
1801,2020-12-06,NYC,0.22307692307692306
1802,2020-12-07,NYC,0.0015384615384615385
1803,2020-12-08,NYC,0.0
1804,2020-12-09,NYC,0.004615384615384616
1805,2020-12-10,NYC,0.01076923076923077
1806,2020-12-11,NYC,0.0
1807,2020-12-12,NYC,0.0016666666666666668
1808,2020-12-13,NYC,0.01916666666666667
1809,2020-12-14,NYC,0.09
1810,2020-12-15,NYC,0.20846153846153845
1811,2020-12-16,NYC,0.11076923076923076
1812,2020-12-17,NYC,0.8411111111111111
1813,2020-12-18,NYC,0.045000000000000005
1814,2020-12-19,NYC,0.0
1815,2020-12-20,NYC,0.010833333333333334
1816,2020-12-21,NYC,0.0375
1817,2020-12-22,NYC,0.0008333333333333334
1818,2020-12-23,NYC,0.0
1819,2020-12-24,NYC,0.035833333333333335
1820,2020-12-25,NYC,0.87
1821,2020-12-26,NYC,0.11272727272727273
1822,2020-12-27,NYC,0.0
1823,2020-12-28,NYC,0.0
1824,2020-12-29,NYC,0.0008333333333333334
1825,2020-12-30,NYC,0.0
1826,2020-12-31,NYC,0.2872727272727273
1827,2021-01-01,NYC,0.28833333333333333
1828,2021-01-02,NYC,0.47500000000000003
1829,2021-01-03,NYC,0.03333333333333333
1830,2021-01-04,NYC,0.13599999999999998
1831,2021-01-05,NYC,0.0008333333333333334
1832,2021-01-06,NYC,0.0
1833,2021-01-07,NYC,0.0
1834,2021-01-08,NYC,0.0
1835,2021-01-09,NYC,0.0
1836,2021-01-10,NYC,0.0
1837,2021-01-11,NYC,0.0
1838,2021-01-12,NYC,0.0
1839,2021-01-13,NYC,0.0
1840,2021-01-14,NYC,0.0
1841,2021-01-15,NYC,0.07833333333333332
1842,2021-01-16,NYC,1.0915384615384616
1843,2021-01-17,NYC,0.0038461538461538464
1844,2021-01-18,NYC,0.0
1845,2021-01-19,NYC,0.0
1846,2021-01-20,NYC,0.016153846153846154
1847,2021-01-21,NYC,0.0038461538461538464
1848,2021-01-22,NYC,0.0007692307692307692
1849,2021-01-23,NYC,0.0
1850,2021-01-24,NYC,0.0
1851,2021-01-25,NYC,0.0
1852,2021-01-26,NYC,0.02
1853,2021-01-27,NYC,0.13923076923076924
1854,2021-01-28,NYC,0.0015384615384615385
1855,2021-01-29,NYC,0.0
1856,2021-01-30,NYC,0.0
1857,2021-01-31,NYC,0.017272727272727273
1858,2021-02-01,NYC,0.6633333333333334
1859,2021-02-02,NYC,0.7849999999999999
1860,2021-02-03,NYC,0.096
1861,2021-02-04,NYC,0.0
1862,2021-02-05,NYC,0.009166666666666668
1863,2021-02-06,NYC,0.018333333333333333
1864,2021-02-07,NYC,0.09727272727272727
1865,2021-02-08,NYC,0.267
1866,2021-02-09,NYC,0.026363636363636363
1867,2021-02-10,NYC,0.015
1868,2021-02-11,NYC,0.12333333333333335
1869,2021-02-12,NYC,0.0
1870,2021-02-13,NYC,0.0007692307692307692
1871,2021-02-14,NYC,0.005833333333333334
1872,2021-02-15,NYC,0.0016666666666666668
1873,2021-02-16,NYC,0.7933333333333333
1874,2021-02-17,NYC,0.006153846153846154
1875,2021-02-18,NYC,0.13916666666666666
1876,2021-02-19,NYC,0.3941666666666667
1877,2021-02-20,NYC,0.08083333333333333
1878,2021-02-21,NYC,0.0
1879,2021-02-22,NYC,0.13333333333333333
1880,2021-02-23,NYC,0.41545454545454547
1881,2021-02-24,NYC,0.016666666666666666
1882,2021-02-25,NYC,0.0
1883,2021-02-26,NYC,0.0
1884,2021-02-27,NYC,0.18083333333333332
1885,2021-02-28,NYC,0.2625
1886,2021-03-01,NYC,0.3923076923076923
1887,2021-03-02,NYC,0.005
1888,2021-03-03,NYC,0.0
1889,2021-03-04,NYC,0.0
1890,2021-03-05,NYC,0.0
1891,2021-03-06,NYC,0.0
1892,2021-03-07,NYC,0.0
1893,2021-03-08,NYC,0.0
1894,2021-03-09,NYC,0.0
1895,2021-03-10,NYC,0.0
1896,2021-03-11,NYC,0.0
1897,2021-03-12,NYC,0.0016666666666666668
1898,2021-03-13,NYC,0.0
1899,2021-03-14,NYC,0.0
1900,2021-03-15,NYC,0.0
1901,2021-03-16,NYC,0.0008333333333333334
1902,2021-03-17,NYC,0.0
1903,2021-03-18,NYC,0.14083333333333334
1904,2021-03-19,NYC,0.5766666666666667
1905,2021-03-20,NYC,0.0018181818181818182
1906,2021-03-21,NYC,0.0
1907,2021-03-22,NYC,0.0
1908,2021-03-23,NYC,0.0
1909,2021-03-24,NYC,0.24545454545454548
1910,2021-03-25,NYC,0.5383333333333333
1911,2021-03-26,NYC,0.03916666666666667
1912,2021-03-27,NYC,0.0025
1913,2021-03-28,NYC,0.205
1914,2021-03-29,NYC,0.6141666666666666
1915,2021-03-30,NYC,0.0033333333333333335
1916,2021-03-31,NYC,0.14583333333333334
1917,2021-04-01,NYC,0.4475
1918,2021-04-02,NYC,0.014166666666666668
1919,2021-04-03,NYC,0.0009090909090909091
1920,2021-04-04,NYC,0.0
1921,2021-04-05,NYC,0.0
1922,2021-04-06,NYC,0.0
1923,2021-04-07,NYC,0.0
1924,2021-04-08,NYC,0.0
1925,2021-04-09,NYC,0.0008333333333333334
1926,2021-04-10,NYC,0.01
1927,2021-04-11,NYC,0.11416666666666668
1928,2021-04-12,NYC,0.5191666666666667
1929,2021-04-13,NYC,0.26333333333333336
1930,2021-04-14,NYC,0.004166666666666667
1931,2021-04-15,NYC,0.24250000000000002
1932,2021-04-16,NYC,0.8116666666666666
1933,2021-04-17,NYC,0.05416666666666667
1934,2021-04-18,NYC,0.0016666666666666668
1935,2021-04-19,NYC,0.0008333333333333334
1936,2021-04-20,NYC,0.00818181818181818
1937,2021-04-21,NYC,0.0375
1938,2021-04-22,NYC,0.17833333333333334
1939,2021-04-23,NYC,0.0027272727272727275
1940,2021-04-24,NYC,0.0
1941,2021-04-25,NYC,0.46545454545454545
1942,2021-04-26,NYC,0.06727272727272728
1943,2021-04-27,NYC,0.004545454545454546
1944,2021-04-28,NYC,0.007000000000000001
1945,2021-04-29,NYC,0.06272727272727273
1946,2021-04-30,NYC,0.05545454545454545
1947,2021-05-01,NYC,0.015454545454545453
1948,2021-05-02,NYC,0.0009090909090909091
1949,2021-05-03,NYC,0.10090909090909092
1950,2021-05-04,NYC,0.6245454545454545
1951,2021-05-05,NYC,0.101
1952,2021-05-06,NYC,0.20800000000000002
1953,2021-05-07,NYC,0.0018181818181818182
1954,2021-05-08,NYC,0.009
1955,2021-05-09,NYC,0.16499999999999998
1956,2021-05-10,NYC,0.4645454545454546
1957,2021-05-11,NYC,0.005454545454545455
1958,2021-05-12,NYC,0.0
1959,2021-05-13,NYC,0.0
1960,2021-05-14,NYC,0.0
1961,2021-05-15,NYC,0.0
1962,2021-05-16,NYC,0.0009090909090909091
1963,2021-05-17,NYC,0.004545454545454546
1964,2021-05-18,NYC,0.0008333333333333334
1965,2021-05-19,NYC,0.0
1966,2021-05-20,NYC,0.0
1967,2021-05-21,NYC,0.0
1968,2021-05-22,NYC,0.0
1969,2021-05-23,NYC,0.0
1970,2021-05-24,NYC,0.0
1971,2021-05-25,NYC,0.0
1972,2021-05-26,NYC,0.04727272727272727
1973,2021-05-27,NYC,0.16909090909090907
1974,2021-05-28,NYC,0.2608333333333333
1975,2021-05-29,NYC,1.3909090909090909
1976,2021-05-30,NYC,0.6344444444444445
1977,2021-05-31,NYC,0.6227272727272728
1978,2021-06-01,NYC,0.005
1979,2021-06-02,NYC,0.0
1980,2021-06-03,NYC,0.07916666666666668
1981,2021-06-04,NYC,0.3466666666666667
1982,2021-06-05,NYC,0.23200000000000004
1983,2021-06-06,NYC,0.0
1984,2021-06-07,NYC,0.007000000000000001
1985,2021-06-08,NYC,0.1525
1986,2021-06-09,NYC,0.38727272727272727
1987,2021-06-10,NYC,0.001
1988,2021-06-11,NYC,0.0
1989,2021-06-12,NYC,0.0009090909090909091
1990,2021-06-13,NYC,0.001
1991,2021-06-14,NYC,0.05454545454545454
1992,2021-06-15,NYC,0.08583333333333333
1993,2021-06-16,NYC,0.0
1994,2021-06-17,NYC,0.0
1995,2021-06-18,NYC,0.0
1996,2021-06-19,NYC,0.060000000000000005
1997,2021-06-20,NYC,0.23307692307692307
1998,2021-06-21,NYC,0.04692307692307692
1999,2021-06-22,NYC,0.08833333333333333
2000,2021-06-23,NYC,0.26166666666666666
2001,2021-06-24,NYC,0.0015384615384615385
2002,2021-06-25,NYC,0.007692307692307693
2003,2021-06-26,NYC,0.005384615384615385
2004,2021-06-27,NYC,0.006923076923076922
2005,2021-06-28,NYC,0.0
2006,2021-06-29,NYC,0.0
2007,2021-06-30,NYC,0.0625
2008,2021-07-01,NYC,0.2969230769230769
2009,2021-07-02,NYC,0.8376923076923077
2010,2021-07-03,NYC,0.8523076923076923
2011,2021-07-04,NYC,0.34076923076923077
2012,2021-07-05,NYC,0.006153846153846154
2013,2021-07-06,NYC,0.105
2014,2021-07-07,NYC,0.2576923076923077
2015,2021-07-08,NYC,0.23857142857142857
2016,2021-07-09,NYC,2.3664285714285715
2017,2021-07-10,NYC,0.6021428571428571
2018,2021-07-11,NYC,0.007857142857142858
2019,2021-07-12,NYC,0.22642857142857142
2020,2021-07-13,NYC,0.11692307692307692
2021,2021-07-14,NYC,0.01
2022,2021-07-15,NYC,0.0014285714285714286
2023,2021-07-16,NYC,0.0
2024,2021-07-17,NYC,0.10833333333333334
2025,2021-07-18,NYC,0.24769230769230768
2026,2021-07-19,NYC,0.014166666666666668
2027,2021-07-20,NYC,0.01769230769230769
2028,2021-07-21,NYC,0.07615384615384616
2029,2021-07-22,NYC,0.12692307692307692
2030,2021-07-23,NYC,0.008461538461538461
2031,2021-07-24,NYC,0.008461538461538461
2032,2021-07-25,NYC,0.2784615384615385
2033,2021-07-26,NYC,0.7142857142857143
2034,2021-07-27,NYC,0.005
2035,2021-07-28,NYC,0.1842857142857143
2036,2021-07-29,NYC,0.07230769230769231
2037,2021-07-30,NYC,0.20642857142857143
2038,2021-07-31,NYC,0.002142857142857143
2039,2021-08-01,NYC,0.009285714285714286
2040,2021-08-02,NYC,0.04357142857142857
2041,2021-08-03,NYC,0.0016666666666666668
2042,2021-08-04,NYC,0.0
2043,2021-08-05,NYC,0.01076923076923077
2044,2021-08-06,NYC,0.0025
2045,2021-08-07,NYC,0.0
2046,2021-08-08,NYC,0.28153846153846157
2047,2021-08-09,NYC,0.4815384615384615
2048,2021-08-10,NYC,0.1907142857142857
2049,2021-08-11,NYC,0.16999999999999998
2050,2021-08-12,NYC,0.1076923076923077
2051,2021-08-13,NYC,0.0071428571428571435
2052,2021-08-14,NYC,0.0007142857142857143
2053,2021-08-15,NYC,0.0007142857142857143
2054,2021-08-16,NYC,0.0
2055,2021-08-17,NYC,0.0
2056,2021-08-18,NYC,0.0
2057,2021-08-19,NYC,0.2323076923076923
2058,2021-08-20,NYC,0.0014285714285714286
2059,2021-08-21,NYC,0.5407692307692308
2060,2021-08-22,NYC,1.8008333333333333
2061,2021-08-23,NYC,2.795
2062,2021-08-24,NYC,0.38083333333333336
2063,2021-08-25,NYC,0.0
2064,2021-08-26,NYC,0.0
2065,2021-08-27,NYC,0.05846153846153846
2066,2021-08-28,NYC,0.5176923076923077
2067,2021-08-29,NYC,0.16999999999999998
2068,2021-08-30,NYC,0.02153846153846154
2069,2021-08-31,NYC,0.0025
2070,2021-09-01,NYC,0.9246153846153846
2071,2021-09-02,NYC,4.2446153846153845
2072,2021-09-03,NYC,0.0007142857142857143
2073,2021-09-04,NYC,0.0
2074,2021-09-05,NYC,0.006153846153846154
2075,2021-09-06,NYC,0.05142857142857143
2076,2021-09-07,NYC,0.0
2077,2021-09-08,NYC,0.0
2078,2021-09-09,NYC,0.17857142857142858
2079,2021-09-10,NYC,0.1685714285714286
2080,2021-09-11,NYC,0.002142857142857143
2081,2021-09-12,NYC,0.0
2082,2021-09-13,NYC,0.024285714285714282
2083,2021-09-14,NYC,0.05714285714285715
2084,2021-09-15,NYC,0.0014285714285714286
2085,2021-09-16,NYC,0.01
2086,2021-09-17,NYC,0.0064285714285714285
2087,2021-09-18,NYC,0.022307692307692306
2088,2021-09-19,NYC,0.0023076923076923075
2089,2021-09-20,NYC,0.0
2090,2021-09-21,NYC,0.008571428571428572
2091,2021-09-22,NYC,0.02428571428571429
2092,2021-09-23,NYC,0.17500000000000002
2093,2021-09-24,NYC,1.499285714285714
2094,2021-09-25,NYC,0.0071428571428571435
2095,2021-09-26,NYC,0.0
2096,2021-09-27,NYC,0.0
2097,2021-09-28,NYC,0.03071428571428572
2098,2021-09-29,NYC,0.11153846153846153
2099,2021-09-30,NYC,0.0008333333333333334
2100,2021-10-01,NYC,0.0
2101,2021-10-02,NYC,0.0
2102,2021-10-03,NYC,0.0
2103,2021-10-04,NYC,0.06909090909090909
2104,2021-10-05,NYC,0.11153846153846153
2105,2021-10-06,NYC,0.011538461538461537
2106,2021-10-07,NYC,0.0025
2107,2021-10-08,NYC,0.0
2108,2021-10-09,NYC,0.0
2109,2021-10-10,NYC,0.049999999999999996
2110,2021-10-11,NYC,0.09500000000000001
2111,2021-10-12,NYC,0.0
2112,2021-10-13,NYC,0.0
2113,2021-10-14,NYC,0.0008333333333333334
2114,2021-10-15,NYC,0.0
2115,2021-10-16,NYC,0.05454545454545454
2116,2021-10-17,NYC,0.17166666666666666
2117,2021-10-18,NYC,0.019230769230769232
2118,2021-10-19,NYC,0.003076923076923077
2119,2021-10-20,NYC,0.0007692307692307692
2120,2021-10-21,NYC,0.0
2121,2021-10-22,NYC,0.0
2122,2021-10-23,NYC,0.015000000000000001
2123,2021-10-24,NYC,0.038571428571428576
2124,2021-10-25,NYC,0.09357142857142857
2125,2021-10-26,NYC,2.1128571428571425
2126,2021-10-27,NYC,2.027857142857143
2127,2021-10-28,NYC,0.005714285714285714
2128,2021-10-29,NYC,0.09249999999999999
2129,2021-10-30,NYC,0.43153846153846154
2130,2021-10-31,NYC,0.1676923076923077
2131,2021-11-01,NYC,0.00923076923076923
2132,2021-11-02,NYC,0.003076923076923077
2133,2021-11-03,NYC,0.015000000000000001
2134,2021-11-04,NYC,0.0007142857142857143
2135,2021-11-05,NYC,0.0
2136,2021-11-06,NYC,0.0
2137,2021-11-07,NYC,0.0
2138,2021-11-08,NYC,0.0
2139,2021-11-09,NYC,0.0
2140,2021-11-10,NYC,0.0
2141,2021-11-11,NYC,0.0007142857142857143
2142,2021-11-12,NYC,0.09
2143,2021-11-13,NYC,0.42928571428571427
2144,2021-11-14,NYC,0.1758333333333333
2145,2021-11-15,NYC,0.04076923076923077
2146,2021-11-16,NYC,0.005714285714285714
2147,2021-11-17,NYC,0.0
2148,2021-11-18,NYC,0.012142857142857141
2149,2021-11-19,NYC,0.115
2150,2021-11-20,NYC,0.0007142857142857143
2151,2021-11-21,NYC,0.0007142857142857143
2152,2021-11-22,NYC,0.07571428571428572
2153,2021-11-23,NYC,0.013571428571428571
2154,2021-11-24,NYC,0.0
2155,2021-11-25,NYC,0.0008333333333333334
2156,2021-11-26,NYC,0.13384615384615384
2157,2021-11-27,NYC,0.03230769230769231
2158,2021-11-28,NYC,0.0015384615384615385
2159,2021-11-29,NYC,0.0015384615384615385
2160,2021-11-30,NYC,0.0
2161,2021-12-01,NYC,0.0007142857142857143
2162,2021-12-02,NYC,0.038571428571428576
2163,2021-12-03,NYC,0.00923076923076923
2164,2021-12-04,NYC,0.0
2165,2021-12-05,NYC,0.0
2166,2021-12-06,NYC,0.3261538461538462
2167,2021-12-07,NYC,0.05692307692307692
2168,2021-12-08,NYC,0.012307692307692308
2169,2021-12-09,NYC,0.030000000000000002
2170,2021-12-10,NYC,0.0038461538461538464
2171,2021-12-11,NYC,0.09076923076923078
2172,2021-12-12,NYC,0.08846153846153845
2173,2021-12-13,NYC,0.0007142857142857143
2174,2021-12-14,NYC,0.0007692307692307692
2175,2021-12-15,NYC,0.0
2176,2021-12-16,NYC,0.012307692307692308
2177,2021-12-17,NYC,0.0
2178,2021-12-18,NYC,0.03142857142857143
2179,2021-12-19,NYC,0.10142857142857142
2180,2021-12-20,NYC,0.0
2181,2021-12-21,NYC,0.0014285714285714286
2182,2021-12-22,NYC,0.1523076923076923
2183,2021-12-23,NYC,0.007692307692307693
2184,2021-12-24,NYC,0.02642857142857143
2185,2021-12-25,NYC,0.08166666666666667
2186,2021-12-26,NYC,0.10583333333333333
2187,2021-12-27,NYC,0.011538461538461537
2188,2021-12-28,NYC,0.09166666666666667
2189,2021-12-29,NYC,0.21833333333333335
2190,2021-12-30,NYC,0.06166666666666667
2191,2021-12-31,NYC,0.015
2192,2022-01-01,NYC,0.2941666666666667
2193,2022-01-02,NYC,0.6341666666666667
2194,2022-01-03,NYC,0.00923076923076923
2195,2022-01-04,NYC,0.0
2196,2022-01-05,NYC,0.098
2197,2022-01-06,NYC,0.129
2198,2022-01-07,NYC,0.3981818181818182
2199,2022-01-08,NYC,0.017272727272727273
2200,2022-01-09,NYC,0.022727272727272728
2201,2022-01-10,NYC,0.08692307692307691
2202,2022-01-11,NYC,0.0
2203,2022-01-12,NYC,0.0
2204,2022-01-13,NYC,0.0
2205,2022-01-14,NYC,0.0
2206,2022-01-15,NYC,0.0
2207,2022-01-16,NYC,0.09818181818181819
2208,2022-01-17,NYC,1.4418181818181817
2209,2022-01-18,NYC,0.015
2210,2022-01-19,NYC,0.0
2211,2022-01-20,NYC,0.19166666666666665
2212,2022-01-21,NYC,0.1
2213,2022-01-22,NYC,0.0
2214,2022-01-23,NYC,0.0033333333333333335
2215,2022-01-24,NYC,0.009166666666666667
2216,2022-01-25,NYC,0.005
2217,2022-01-26,NYC,0.0
2218,2022-01-27,NYC,0.0
2219,2022-01-28,NYC,0.02076923076923077
2220,2022-01-29,NYC,0.4744444444444444
2221,2022-01-30,NYC,0.14142857142857143
2222,2022-01-31,NYC,0.0
2223,2022-02-01,NYC,0.0
2224,2022-02-02,NYC,0.0
2225,2022-02-03,NYC,0.09384615384615384
2226,2022-02-04,NYC,0.6316666666666667
2227,2022-02-05,NYC,0.3518181818181818
2228,2022-02-06,NYC,0.0
2229,2022-02-07,NYC,0.05900000000000001
2230,2022-02-08,NYC,0.259
2231,2022-02-09,NYC,0.0
2232,2022-02-10,NYC,0.0008333333333333334
2233,2022-02-11,NYC,0.0
2234,2022-02-12,NYC,0.0
2235,2022-02-13,NYC,0.152
2236,2022-02-14,NYC,0.047
2237,2022-02-15,NYC,0.0
2238,2022-02-16,NYC,0.0
2239,2022-02-17,NYC,0.06666666666666667
2240,2022-02-18,NYC,0.5808333333333333
2241,2022-02-19,NYC,0.02
2242,2022-02-20,NYC,0.00818181818181818
2243,2022-02-21,NYC,0.0
2244,2022-02-22,NYC,0.04583333333333334
2245,2022-02-23,NYC,0.22416666666666665
2246,2022-02-24,NYC,0.0008333333333333334
2247,2022-02-25,NYC,0.5811111111111111
2248,2022-02-26,NYC,0.20299999999999999
2249,2022-02-27,NYC,0.0025
2250,2022-02-28,NYC,0.0
2251,2022-03-01,NYC,0.0
2252,2022-03-02,NYC,0.004166666666666667
2253,2022-03-03,NYC,0.051000000000000004
2254,2022-03-04,NYC,0.0
2255,2022-03-05,NYC,0.0
2256,2022-03-06,NYC,0.012499999999999999
2257,2022-03-07,NYC,0.07583333333333334
2258,2022-03-08,NYC,0.063
2259,2022-03-09,NYC,0.1375
2260,2022-03-10,NYC,0.44416666666666665
2261,2022-03-11,NYC,0.002
2262,2022-03-12,NYC,0.172
2263,2022-03-13,NYC,0.346
2264,2022-03-14,NYC,0.00818181818181818
2265,2022-03-15,NYC,0.0
2266,2022-03-16,NYC,0.002727272727272727
2267,2022-03-17,NYC,0.023
2268,2022-03-18,NYC,0.11000000000000001
2269,2022-03-19,NYC,0.04888888888888889
2270,2022-03-20,NYC,0.155
2271,2022-03-21,NYC,0.001
2272,2022-03-22,NYC,0.0
2273,2022-03-23,NYC,0.014000000000000002
2274,2022-03-24,NYC,0.5800000000000001
2275,2022-03-25,NYC,0.442
2276,2022-03-26,NYC,0.005
2277,2022-03-27,NYC,0.04454545454545455
2278,2022-03-28,NYC,0.0
2279,2022-03-29,NYC,0.0
2280,2022-03-30,NYC,0.0
2281,2022-03-31,NYC,0.016000000000000004
2282,2022-04-01,NYC,0.49000000000000005
2283,2022-04-02,NYC,0.009
2284,2022-04-03,NYC,0.024
2285,2022-04-04,NYC,0.09111111111111111
2286,2022-04-05,NYC,0.013333333333333332
2287,2022-04-06,NYC,0.34700000000000003
2288,2022-04-07,NYC,0.315
2289,2022-04-08,NYC,0.87
2290,2022-04-09,NYC,0.02666666666666667
2291,2022-04-10,NYC,0.03222222222222222
2292,2022-04-11,NYC,0.0011111111111111111
2293,2022-04-12,NYC,0.017777777777777778
2294,2022-04-13,NYC,0.034999999999999996
2295,2022-04-14,NYC,0.015
2296,2022-04-15,NYC,0.08499999999999999
2297,2022-04-16,NYC,0.034
2298,2022-04-17,NYC,0.10600000000000001
2299,2022-04-18,NYC,0.251
2300,2022-04-19,NYC,1.42
2301,2022-04-20,NYC,0.004
2302,2022-04-21,NYC,0.0
2303,2022-04-22,NYC,0.0
2304,2022-04-23,NYC,0.0
2305,2022-04-24,NYC,0.001
2306,2022-04-25,NYC,0.0
2307,2022-04-26,NYC,0.01
2308,2022-04-27,NYC,0.045
2309,2022-04-28,NYC,0.0
2310,2022-04-29,NYC,0.0
2311,2022-04-30,NYC,0.0
2312,2022-05-01,NYC,0.0
2313,2022-05-02,NYC,0.22090909090909092
2314,2022-05-03,NYC,0.06799999999999999
2315,2022-05-04,NYC,0.053636363636363635
2316,2022-05-05,NYC,0.026363636363636363
2317,2022-05-06,NYC,0.16727272727272727
2318,2022-05-07,NYC,0.966
2319,2022-05-08,NYC,0.6572727272727273
2320,2022-05-09,NYC,0.004545454545454546
2321,2022-05-10,NYC,0.0
2322,2022-05-11,NYC,0.0
2323,2022-05-12,NYC,0.0
2324,2022-05-13,NYC,0.009
2325,2022-05-14,NYC,0.062
2326,2022-05-15,NYC,0.12
2327,2022-05-16,NYC,0.027000000000000003
2328,2022-05-17,NYC,0.093
2329,2022-05-18,NYC,0.0009090909090909091
2330,2022-05-19,NYC,0.7145454545454546
2331,2022-05-20,NYC,0.16099999999999998
2332,2022-05-21,NYC,0.24666666666666665
2333,2022-05-22,NYC,0.0011111111111111111
2334,2022-05-23,NYC,0.03888888888888889
2335,2022-05-24,NYC,0.001
2336,2022-05-25,NYC,0.0
2337,2022-05-26,NYC,0.0009090909090909091
2338,2022-05-27,NYC,0.04363636363636363
2339,2022-05-28,NYC,0.4345454545454545
2340,2022-05-29,NYC,0.3336363636363636
2341,2022-05-30,NYC,0.0
2342,2022-05-31,NYC,0.0
2343,2022-06-01,NYC,0.26363636363636367
2344,2022-06-02,NYC,0.7890909090909091
2345,2022-06-03,NYC,0.325
2346,2022-06-04,NYC,0.002
2347,2022-06-05,NYC,0.0
2348,2022-06-06,NYC,0.0
2349,2022-06-07,NYC,0.014000000000000002
2350,2022-06-08,NYC,0.1081818181818182
2351,2022-06-09,NYC,0.7609090909090909
2352,2022-06-10,NYC,0.0
2353,2022-06-11,NYC,0.0
2354,2022-06-12,NYC,0.023636363636363636
2355,2022-06-13,NYC,0.2772727272727273
2356,2022-06-14,NYC,0.0018181818181818182
2357,2022-06-15,NYC,0.0
2358,2022-06-16,NYC,0.137
2359,2022-06-17,NYC,0.1
2360,2022-06-18,NYC,0.006666666666666666
2361,2022-06-19,NYC,0.0011111111111111111
2362,2022-06-20,NYC,0.0
2363,2022-06-21,NYC,0.008
2364,2022-06-22,NYC,0.136
2365,2022-06-23,NYC,0.069
2366,2022-06-24,NYC,0.043
2367,2022-06-25,NYC,0.001
2368,2022-06-26,NYC,0.0
2369,2022-06-27,NYC,0.16499999999999998
2370,2022-06-28,NYC,0.26999999999999996
2371,2022-06-29,NYC,0.0
2372,2022-06-30,NYC,0.0
2373,2022-07-01,NYC,0.0
2374,2022-07-02,NYC,0.03222222222222223
2375,2022-07-03,NYC,0.006
2376,2022-07-04,NYC,0.0
2377,2022-07-05,NYC,0.011
2378,2022-07-06,NYC,0.031
2379,2022-07-07,NYC,0.001
2380,2022-07-08,NYC,0.045454545454545456
2381,2022-07-09,NYC,0.02
2382,2022-07-10,NYC,0.0
2383,2022-07-11,NYC,0.0
2384,2022-07-12,NYC,0.0
2385,2022-07-13,NYC,0.005454545454545454
2386,2022-07-14,NYC,0.0009090909090909091
2387,2022-07-15,NYC,0.023636363636363636
2388,2022-07-16,NYC,0.11300000000000002
2389,2022-07-17,NYC,0.309
2390,2022-07-18,NYC,0.23000000000000004
2391,2022-07-19,NYC,1.1700000000000002
2392,2022-07-20,NYC,0.0
2393,2022-07-21,NYC,0.039
2394,2022-07-22,NYC,0.29000000000000004
2395,2022-07-23,NYC,0.005
2396,2022-07-24,NYC,0.0
2397,2022-07-25,NYC,0.15000000000000002
2398,2022-07-26,NYC,0.148
2399,2022-07-27,NYC,0.0
2400,2022-07-28,NYC,0.135
2401,2022-07-29,NYC,0.01
2402,2022-07-30,NYC,0.006
2403,2022-07-31,NYC,0.0
2404,2022-08-01,NYC,0.298
2405,2022-08-02,NYC,0.02181818181818182
2406,2022-08-03,NYC,0.0
2407,2022-08-04,NYC,0.0
2408,2022-08-05,NYC,0.0
2409,2022-08-06,NYC,0.0
2410,2022-08-07,NYC,0.017
2411,2022-08-08,NYC,0.005
2412,2022-08-09,NYC,0.026666666666666665
2413,2022-08-10,NYC,0.068
2414,2022-08-11,NYC,0.063
2415,2022-08-12,NYC,0.056363636363636366
2416,2022-08-13,NYC,0.0
2417,2022-08-14,NYC,0.0
2418,2022-08-15,NYC,0.0
2419,2022-08-16,NYC,0.0
2420,2022-08-17,NYC,0.04272727272727273
2421,2022-08-18,NYC,0.023636363636363636
2422,2022-08-19,NYC,0.0
2423,2022-08-20,NYC,0.0
2424,2022-08-21,NYC,0.035454545454545454
2425,2022-08-22,NYC,0.023636363636363636
2426,2022-08-23,NYC,0.15454545454545454
2427,2022-08-24,NYC,0.0
2428,2022-08-25,NYC,0.0
2429,2022-08-26,NYC,0.026000000000000002
2430,2022-08-27,NYC,0.06909090909090909
2431,2022-08-28,NYC,0.0
2432,2022-08-29,NYC,0.0
2433,2022-08-30,NYC,0.028999999999999998
2434,2022-08-31,NYC,0.08499999999999999
2435,2022-09-01,NYC,0.0
2436,2022-09-02,NYC,0.0
2437,2022-09-03,NYC,0.0
2438,2022-09-04,NYC,0.002727272727272727
2439,2022-09-05,NYC,0.028181818181818183
2440,2022-09-06,NYC,0.7324999999999999
2441,2022-09-07,NYC,0.44
2442,2022-09-08,NYC,0.006666666666666667
2443,2022-09-09,NYC,0.0
2444,2022-09-10,NYC,0.0
2445,2022-09-11,NYC,0.04923076923076923
2446,2022-09-12,NYC,0.37153846153846154
2447,2022-09-13,NYC,0.5861538461538461
2448,2022-09-14,NYC,0.02153846153846154
2449,2022-09-15,NYC,0.0
2450,2022-09-16,NYC,0.0
2451,2022-09-17,NYC,0.0
2452,2022-09-18,NYC,0.0
2453,2022-09-19,NYC,0.013846153846153848
2454,2022-09-20,NYC,0.07307692307692308
2455,2022-09-21,NYC,0.0007692307692307692
2456,2022-09-22,NYC,0.11249999999999999
2457,2022-09-23,NYC,0.28692307692307695
2458,2022-09-24,NYC,0.0007692307692307692
2459,2022-09-25,NYC,0.1630769230769231
2460,2022-09-26,NYC,0.35615384615384615
2461,2022-09-27,NYC,0.006153846153846154
2462,2022-09-28,NYC,0.0
2463,2022-09-29,NYC,0.0
2464,2022-09-30,NYC,0.0
2465,2022-10-01,NYC,0.4809090909090909
2466,2022-10-02,NYC,0.142
2467,2022-10-03,NYC,0.351
2468,2022-10-04,NYC,1.5127272727272727
2469,2022-10-05,NYC,0.6363636363636364
2470,2022-10-06,NYC,0.3145454545454545
2471,2022-10-07,NYC,0.0
2472,2022-10-08,NYC,0.05
2473,2022-10-09,NYC,0.0
2474,2022-10-10,NYC,0.0
2475,2022-10-11,NYC,0.0009090909090909091
2476,2022-10-12,NYC,0.0
2477,2022-10-13,NYC,0.2772727272727273
2478,2022-10-14,NYC,0.9854545454545455
2479,2022-10-15,NYC,0.0
2480,2022-10-16,NYC,0.0
2481,2022-10-17,NYC,0.08916666666666666
2482,2022-10-18,NYC,0.155
2483,2022-10-19,NYC,0.0
2484,2022-10-20,NYC,0.0
2485,2022-10-21,NYC,0.0
2486,2022-10-22,NYC,0.0
2487,2022-10-23,NYC,0.004615384615384615
2488,2022-10-24,NYC,0.29538461538461536
2489,2022-10-25,NYC,0.2976923076923077
2490,2022-10-26,NYC,0.008333333333333333
2491,2022-10-27,NYC,0.0038461538461538464
2492,2022-10-28,NYC,0.0
2493,2022-10-29,NYC,0.0
2494,2022-10-30,NYC,0.0
2495,2022-10-31,NYC,0.022000000000000002
2496,2022-11-01,NYC,0.265
2497,2022-11-02,NYC,0.009090909090909092
2498,2022-11-03,NYC,0.0
2499,2022-11-04,NYC,0.0016666666666666668
2500,2022-11-05,NYC,0.0
2501,2022-11-06,NYC,0.0016666666666666668
2502,2022-11-07,NYC,0.015454545454545453
2503,2022-11-08,NYC,0.0
2504,2022-11-09,NYC,0.0
2505,2022-11-10,NYC,0.0
2506,2022-11-11,NYC,0.16636363636363638
2507,2022-11-12,NYC,0.7583333333333333
2508,2022-11-13,NYC,0.0725
2509,2022-11-14,NYC,0.03833333333333334
2510,2022-11-15,NYC,0.11
2511,2022-11-16,NYC,0.5966666666666667
2512,2022-11-17,NYC,0.009166666666666667
2513,2022-11-18,NYC,0.0025
2514,2022-11-19,NYC,0.0033333333333333335
2515,2022-11-20,NYC,0.0016666666666666668
2516,2022-11-21,NYC,0.0
2517,2022-11-22,NYC,0.0
2518,2022-11-23,NYC,0.0
2519,2022-11-24,NYC,0.0
2520,2022-11-25,NYC,0.010833333333333334
2521,2022-11-26,NYC,0.028181818181818183
2522,2022-11-27,NYC,0.16272727272727272
2523,2022-11-28,NYC,0.3936363636363636
2524,2022-11-29,NYC,0.0025
2525,2022-11-30,NYC,0.10083333333333333
2526,2022-12-01,NYC,0.45916666666666667
2527,2022-12-02,NYC,0.0008333333333333334
2528,2022-12-03,NYC,0.10909090909090909
2529,2022-12-04,NYC,0.26999999999999996
2530,2022-12-05,NYC,0.0
2531,2022-12-06,NYC,0.155
2532,2022-12-07,NYC,0.9292307692307692
2533,2022-12-08,NYC,0.038461538461538464
2534,2022-12-09,NYC,0.0007692307692307692
2535,2022-12-10,NYC,0.0
2536,2022-12-11,NYC,0.041666666666666664
2537,2022-12-12,NYC,0.11363636363636363
2538,2022-12-13,NYC,0.0
2539,2022-12-14,NYC,0.0
2540,2022-12-15,NYC,0.11538461538461539
2541,2022-12-16,NYC,0.9216666666666667
2542,2022-12-17,NYC,0.29
2543,2022-12-18,NYC,0.0025
2544,2022-12-19,NYC,0.0
2545,2022-12-20,NYC,0.0
2546,2022-12-21,NYC,0.0
2547,2022-12-22,NYC,0.036666666666666674
2548,2022-12-23,NYC,1.1025
2549,2022-12-24,NYC,0.096
2550,2022-12-25,NYC,0.0
2551,2022-12-26,NYC,0.0
2552,2022-12-27,NYC,0.0
2553,2022-12-28,NYC,0.0
2554,2022-12-29,NYC,0.0
2555,2022-12-30,NYC,0.0
2556,2022-12-31,NYC,0.07416666666666667
2557,2023-01-01,NYC,0.26153846153846155
2558,2023-01-02,NYC,0.006153846153846154
2559,2023-01-03,NYC,0.10230769230769231
2560,2023-01-04,NYC,0.2872727272727273
2561,2023-01-05,NYC,0.07307692307692308
2562,2023-01-06,NYC,0.21636363636363634
2563,2023-01-07,NYC,0.029166666666666664
2564,2023-01-08,NYC,0.0
2565,2023-01-09,NYC,0.013076923076923078
2566,2023-01-10,NYC,0.0
2567,2023-01-11,NYC,0.0
2568,2023-01-12,NYC,0.06615384615384615
2569,2023-01-13,NYC,0.32166666666666666
2570,2023-01-14,NYC,0.015833333333333335
2571,2023-01-15,NYC,0.0
2572,2023-01-16,NYC,0.0
2573,2023-01-17,NYC,0.0
2574,2023-01-18,NYC,0.0175
2575,2023-01-19,NYC,0.19153846153846155
2576,2023-01-20,NYC,0.7792307692307692
2577,2023-01-21,NYC,0.003076923076923077
2578,2023-01-22,NYC,0.09923076923076923
2579,2023-01-23,NYC,0.6116666666666667
2580,2023-01-24,NYC,0.11666666666666665
2581,2023-01-25,NYC,0.23500000000000001
2582,2023-01-26,NYC,1.2327272727272727
2583,2023-01-27,NYC,0.0018181818181818182
2584,2023-01-28,NYC,0.005454545454545454
2585,2023-01-29,NYC,0.0
2586,2023-01-30,NYC,0.0
2587,2023-01-31,NYC,0.02909090909090909
2588,2023-02-01,NYC,0.032
2589,2023-02-02,NYC,0.0
2590,2023-02-03,NYC,0.0
2591,2023-02-04,NYC,0.0
2592,2023-02-05,NYC,0.0
2593,2023-02-06,NYC,0.0
2594,2023-02-07,NYC,0.006
2595,2023-02-08,NYC,0.04
2596,2023-02-09,NYC,0.0009090909090909091
2597,2023-02-10,NYC,0.0
2598,2023-02-11,NYC,0.0
2599,2023-02-12,NYC,0.015000000000000001
2600,2023-02-13,NYC,0.030909090909090907
2601,2023-02-14,NYC,0.0
2602,2023-02-15,NYC,0.0
2603,2023-02-16,NYC,0.014166666666666668
2604,2023-02-17,NYC,0.12
2605,2023-02-18,NYC,0.19
2606,2023-02-19,NYC,0.0007692307692307692
2607,2023-02-20,NYC,0.0015384615384615385
2608,2023-02-21,NYC,0.12615384615384617
2609,2023-02-22,NYC,0.06916666666666667
2610,2023-02-23,NYC,0.15142857142857144
2611,2023-02-24,NYC,0.024999999999999998
2612,2023-02-25,NYC,0.0
2613,2023-02-26,NYC,0.008333333333333333
2614,2023-02-27,NYC,0.045384615384615384
2615,2023-02-28,NYC,0.535
2616,2023-03-01,NYC,0.043846153846153854
2617,2023-03-02,NYC,0.030714285714285715
2618,2023-03-03,NYC,0.023076923076923075
2619,2023-03-04,NYC,1.0184615384615385
2620,2023-03-05,NYC,0.016153846153846154
2621,2023-03-06,NYC,0.0
2622,2023-03-07,NYC,0.03416666666666667
2623,2023-03-08,NYC,0.0035714285714285718
2624,2023-03-09,NYC,0.0
2625,2023-03-10,NYC,0.05615384615384615
2626,2023-03-11,NYC,0.5650000000000001
2627,2023-03-12,NYC,0.05416666666666666
2628,2023-03-13,NYC,0.15142857142857144
2629,2023-03-14,NYC,0.8457142857142858
2630,2023-03-15,NYC,0.11071428571428572
2631,2023-03-16,NYC,0.0014285714285714286
2632,2023-03-17,NYC,0.0
2633,2023-03-18,NYC,0.017499999999999998
2634,2023-03-19,NYC,0.0
2635,2023-03-20,NYC,0.0
2636,2023-03-21,NYC,0.0
2637,2023-03-22,NYC,0.0
2638,2023-03-23,NYC,0.013076923076923076
2639,2023-03-24,NYC,0.08800000000000001
2640,2023-03-25,NYC,0.02846153846153846
2641,2023-03-26,NYC,0.16272727272727272
2642,2023-03-27,NYC,0.043076923076923075
2643,2023-03-28,NYC,0.17466666666666666
2644,2023-03-29,NYC,0.010714285714285714
2645,2023-03-30,NYC,0.014285714285714287
2646,2023-03-31,NYC,0.0
2647,2023-04-01,NYC,0.16538461538461538
2648,2023-04-02,NYC,0.22846153846153847
2649,2023-04-03,NYC,0.0007142857142857143
2650,2023-04-04,NYC,0.0
2651,2023-04-05,NYC,0.0006666666666666666
2652,2023-04-06,NYC,0.013571428571428571
2653,2023-04-07,NYC,0.03153846153846154
2654,2023-04-08,NYC,0.0007692307692307692
2655,2023-04-09,NYC,0.0
2656,2023-04-10,NYC,0.0
2657,2023-04-11,NYC,0.0
2658,2023-04-12,NYC,0.0
2659,2023-04-13,NYC,0.0
2660,2023-04-14,NYC,0.0
2661,2023-04-15,NYC,0.003076923076923077
2662,2023-04-16,NYC,0.10615384615384617
2663,2023-04-17,NYC,0.011333333333333334
2664,2023-04-18,NYC,0.016666666666666666
2665,2023-04-19,NYC,0.0026666666666666666
2666,2023-04-20,NYC,0.0
2667,2023-04-21,NYC,0.0
2668,2023-04-22,NYC,0.13153846153846155
2669,2023-04-23,NYC,1.6007142857142858
2670,2023-04-24,NYC,0.16714285714285718
2671,2023-04-25,NYC,0.0
2672,2023-04-26,NYC,0.0
2673,2023-04-27,NYC,0.021333333333333333
2674,2023-04-28,NYC,0.06933333333333333
2675,2023-04-29,NYC,1.392
2676,2023-04-30,NYC,1.0114285714285713
2677,2023-05-01,NYC,1.3206666666666669
2678,2023-05-02,NYC,0.06866666666666667
2679,2023-05-03,NYC,0.07133333333333333
2680,2023-05-04,NYC,0.09533333333333333
2681,2023-05-05,NYC,0.03133333333333333
2682,2023-05-06,NYC,0.0038461538461538464
2683,2023-05-07,NYC,0.002
2684,2023-05-08,NYC,0.026153846153846156
2685,2023-05-09,NYC,0.0006666666666666666
2686,2023-05-10,NYC,0.0
2687,2023-05-11,NYC,0.0
2688,2023-05-12,NYC,0.0
2689,2023-05-13,NYC,0.0
2690,2023-05-14,NYC,0.0
2691,2023-05-15,NYC,0.0
2692,2023-05-16,NYC,0.0
2693,2023-05-17,NYC,0.0
2694,2023-05-18,NYC,0.0
2695,2023-05-19,NYC,0.0
2696,2023-05-20,NYC,0.42166666666666663
2697,2023-05-21,NYC,0.9413333333333332
2698,2023-05-22,NYC,0.0
2699,2023-05-23,NYC,0.0
2700,2023-05-24,NYC,0.006923076923076922
2701,2023-05-25,NYC,0.02666666666666667
2702,2023-05-26,NYC,0.0
2703,2023-05-27,NYC,0.0
2704,2023-05-28,NYC,0.0
2705,2023-05-29,NYC,0.0
2706,2023-05-30,NYC,0.0
2707,2023-05-31,NYC,0.0
2708,2023-06-01,NYC,0.0
2709,2023-06-02,NYC,0.018571428571428572
2710,2023-06-03,NYC,0.07142857142857142
2711,2023-06-04,NYC,0.0
2712,2023-06-05,NYC,0.0
2713,2023-06-06,NYC,0.02
2714,2023-06-07,NYC,0.14846153846153845
2715,2023-06-08,NYC,0.0
2716,2023-06-09,NYC,0.01
2717,2023-06-10,NYC,0.021666666666666667
2718,2023-06-11,NYC,0.022857142857142857
2719,2023-06-12,NYC,0.05466666666666667
2720,2023-06-13,NYC,0.20866666666666667
2721,2023-06-14,NYC,0.037333333333333336
2722,2023-06-15,NYC,0.25866666666666666
2723,2023-06-16,NYC,0.05454545454545456
2724,2023-06-17,NYC,0.23500000000000001
2725,2023-06-18,NYC,0.045384615384615384
2726,2023-06-19,NYC,0.0
2727,2023-06-20,NYC,0.0
2728,2023-06-21,NYC,0.0
2729,2023-06-22,NYC,0.007333333333333333
2730,2023-06-23,NYC,0.021428571428571432
2731,2023-06-24,NYC,0.18066666666666667
2732,2023-06-25,NYC,0.04692307692307692
2733,2023-06-26,NYC,0.11733333333333333
2734,2023-06-27,NYC,0.5549999999999999
2735,2023-06-28,NYC,0.17461538461538464
2736,2023-06-29,NYC,0.08769230769230771
2737,2023-06-30,NYC,0.0014285714285714286
2738,2023-07-01,NYC,0.0
2739,2023-07-02,NYC,0.195
2740,2023-07-03,NYC,0.24428571428571427
2741,2023-07-04,NYC,0.39428571428571424
2742,2023-07-05,NYC,0.205
2743,2023-07-06,NYC,0.0
2744,2023-07-07,NYC,0.0
2745,2023-07-08,NYC,0.0
2746,2023-07-09,NYC,0.22142857142857145
2747,2023-07-10,NYC,1.22
2748,2023-07-11,NYC,0.001875
2749,2023-07-12,NYC,0.0
2750,2023-07-13,NYC,0.0
2751,2023-07-14,NYC,0.08812500000000001
2752,2023-07-15,NYC,0.265625
2753,2023-07-16,NYC,0.8160000000000001
2754,2023-07-17,NYC,0.52
2755,2023-07-18,NYC,0.16642857142857143
2756,2023-07-19,NYC,0.69
2757,2023-07-20,NYC,0.04066666666666666
2758,2023-07-21,NYC,0.17214285714285715
2759,2023-07-22,NYC,0.05357142857142857
2760,2023-07-23,NYC,0.0
2761,2023-07-24,NYC,0.0
2762,2023-07-25,NYC,0.05857142857142857
2763,2023-07-26,NYC,0.5633333333333332
2764,2023-07-27,NYC,0.026000000000000002
2765,2023-07-28,NYC,0.11666666666666665
2766,2023-07-29,NYC,0.10666666666666667
2767,2023-07-30,NYC,0.30230769230769233
2768,2023-07-31,NYC,0.0
2769,2023-08-01,NYC,0.0071428571428571435
2770,2023-08-02,NYC,0.0
2771,2023-08-03,NYC,0.0
2772,2023-08-04,NYC,0.0014285714285714286
2773,2023-08-05,NYC,0.04466666666666667
2774,2023-08-06,NYC,0.0
2775,2023-08-07,NYC,0.6419999999999999
2776,2023-08-08,NYC,0.2906666666666667
2777,2023-08-09,NYC,0.002857142857142857
2778,2023-08-10,NYC,0.08933333333333333
2779,2023-08-11,NYC,0.2826666666666667
2780,2023-08-12,NYC,0.012142857142857141
2781,2023-08-13,NYC,0.9592857142857143
2782,2023-08-14,NYC,0.0026666666666666666
2783,2023-08-15,NYC,0.5693333333333332
2784,2023-08-16,NYC,0.422
2785,2023-08-17,NYC,0.034
2786,2023-08-18,NYC,0.508
2787,2023-08-19,NYC,0.012
2788,2023-08-20,NYC,0.0
2789,2023-08-21,NYC,0.0
2790,2023-08-22,NYC,0.0
2791,2023-08-23,NYC,0.0
2792,2023-08-24,NYC,0.012307692307692308
2793,2023-08-25,NYC,0.4414285714285714
2794,2023-08-26,NYC,0.3578571428571428
2795,2023-08-27,NYC,0.26
2796,2023-08-28,NYC,0.0
2797,2023-08-29,NYC,0.0
2798,2023-08-30,NYC,0.07571428571428572
2799,2023-08-31,NYC,0.1335714285714286
2800,2023-09-01,NYC,0.0
2801,2023-09-02,NYC,0.0
2802,2023-09-03,NYC,0.0006666666666666666
2803,2023-09-04,NYC,0.0026666666666666666
2804,2023-09-05,NYC,0.004285714285714286
2805,2023-09-06,NYC,0.0
2806,2023-09-07,NYC,0.0
2807,2023-09-08,NYC,0.056666666666666664
2808,2023-09-09,NYC,0.16
2809,2023-09-10,NYC,0.31133333333333335
2810,2023-09-11,NYC,0.7093333333333334
2811,2023-09-12,NYC,0.36466666666666664
2812,2023-09-13,NYC,0.252
2813,2023-09-14,NYC,0.13
2814,2023-09-15,NYC,0.0
2815,2023-09-16,NYC,0.0
2816,2023-09-17,NYC,0.015
2817,2023-09-18,NYC,0.5942857142857143
2818,2023-09-19,NYC,0.6528571428571429
2819,2023-09-20,NYC,0.0
2820,2023-09-21,NYC,0.0
2821,2023-09-22,NYC,0.0
2822,2023-09-23,NYC,0.214
2823,2023-09-24,NYC,0.8666666666666667
2824,2023-09-25,NYC,0.752
2825,2023-09-26,NYC,0.32066666666666666
2826,2023-09-27,NYC,0.060000000000000005
2827,2023-09-28,NYC,0.08923076923076922
2828,2023-09-29,NYC,2.5415384615384613
2829,2023-09-30,NYC,2.373076923076923
2830,2023-10-01,NYC,0.057692307692307696
2831,2023-10-02,NYC,0.0007142857142857143
2832,2023-10-03,NYC,0.0
2833,2023-10-04,NYC,0.0
2834,2023-10-05,NYC,0.0014285714285714286
2835,2023-10-06,NYC,0.023571428571428573
2836,2023-10-07,NYC,0.3666666666666667
2837,2023-10-08,NYC,0.7141666666666667
2838,2023-10-09,NYC,0.0007692307692307692
2839,2023-10-10,NYC,0.0015384615384615385
2840,2023-10-11,NYC,0.0014285714285714286
2841,2023-10-12,NYC,0.0
2842,2023-10-13,NYC,0.0
2843,2023-10-14,NYC,0.18083333333333332
2844,2023-10-15,NYC,0.52
2845,2023-10-16,NYC,0.0008333333333333334
2846,2023-10-17,NYC,0.027857142857142858
2847,2023-10-18,NYC,0.0007142857142857143
2848,2023-10-19,NYC,0.0
2849,2023-10-20,NYC,0.22333333333333333
2850,2023-10-21,NYC,0.6966666666666667
2851,2023-10-22,NYC,0.214
2852,2023-10-23,NYC,0.0
2853,2023-10-24,NYC,0.0007142857142857143
2854,2023-10-25,NYC,0.0
2855,2023-10-26,NYC,0.0
2856,2023-10-27,NYC,0.0
2857,2023-10-28,NYC,0.0008333333333333334
2858,2023-10-29,NYC,0.09846153846153846
2859,2023-10-30,NYC,0.6557142857142857
2860,2023-10-31,NYC,0.04642857142857143
2861,2023-11-01,NYC,0.06166666666666667
2862,2023-11-02,NYC,0.005333333333333333
2863,2023-11-03,NYC,0.0
2864,2023-11-04,NYC,0.0
2865,2023-11-05,NYC,0.006
2866,2023-11-06,NYC,0.0
2867,2023-11-07,NYC,0.11714285714285715
2868,2023-11-08,NYC,0.0
2869,2023-11-09,NYC,0.0
2870,2023-11-10,NYC,0.0
2871,2023-11-11,NYC,0.0
2872,2023-11-12,NYC,0.0
2873,2023-11-13,NYC,0.0
2874,2023-11-14,NYC,0.0
2875,2023-11-15,NYC,0.0
2876,2023-11-16,NYC,0.0
2877,2023-11-17,NYC,0.0006666666666666666
2878,2023-11-18,NYC,0.017857142857142856
2879,2023-11-19,NYC,0.0
2880,2023-11-20,NYC,0.0
2881,2023-11-21,NYC,0.10384615384615385
2882,2023-11-22,NYC,1.429230769230769
2883,2023-11-23,NYC,0.004615384615384615
2884,2023-11-24,NYC,0.0
2885,2023-11-25,NYC,0.0
2886,2023-11-26,NYC,0.055714285714285716
2887,2023-11-27,NYC,0.5016666666666666
2888,2023-11-28,NYC,0.0
2889,2023-11-29,NYC,0.0
2890,2023-11-30,NYC,0.0
2891,2023-12-01,NYC,0.10384615384615385
2892,2023-12-02,NYC,0.32846153846153847
2893,2023-12-03,NYC,0.3215384615384615
2894,2023-12-04,NYC,0.3591666666666667
2895,2023-12-05,NYC,0.0006666666666666666
2896,2023-12-06,NYC,0.0
2897,2023-12-07,NYC,0.0013333333333333333
2898,2023-12-08,NYC,0.0006666666666666666
2899,2023-12-09,NYC,0.0
2900,2023-12-10,NYC,0.45466666666666666
2901,2023-12-11,NYC,2.009333333333333
2902,2023-12-12,NYC,0.029285714285714286
2903,2023-12-13,NYC,0.0007142857142857143
2904,2023-12-14,NYC,0.0
2905,2023-12-15,NYC,0.0
2906,2023-12-16,NYC,0.0
2907,2023-12-17,NYC,0.029333333333333333
2908,2023-12-18,NYC,2.0992307692307692
2909,2023-12-19,NYC,0.3630769230769231
2910,2023-12-20,NYC,0.0
2911,2023-12-21,NYC,0.0
2912,2023-12-22,NYC,0.0
2913,2023-12-23,NYC,0.0
2914,2023-12-24,NYC,0.020714285714285713
2915,2023-12-25,NYC,0.0007692307692307692
2916,2023-12-26,NYC,0.002142857142857143
2917,2023-12-27,NYC,0.05153846153846153
2918,2023-12-28,NYC,1.845
2919,2023-12-29,NYC,0.10357142857142856
2920,2023-12-30,NYC,0.0064285714285714285
2921,2023-12-31,NYC,0.0007142857142857143
